,school,Medu,Fedu,guardian,traveltime,studytime,failures,schoolsup,famsup,activities,nursery,higher,internet,romantic,famrel,freetime,goout,Dalc,Walc,health,absences,address_type_Urban,famsize_BIG_FAMILY,Pstatus_Together,Mjob_at_home,Mjob_health,Mjob_services,Mjob_teacher,Fjob_at_home,Fjob_health,Fjob_services,Fjob_teacher,reason_course,reason_home,reason_reputation,tutor,testsuper
0,GP,4,4,mother,2,2,0,1,0,0,1,1,0,0,4,3,4,1,1,3,6,1,1,0,1,0,0,0,0,0,0,1,1,0,0,0,16.0
1,GP,1,1,father,1,2,0,0,1,0,0,1,1,0,5,3,3,1,1,3,4,1,1,1,1,0,0,0,0,0,0,0,1,0,0,0,15.5
2,GP,1,1,mother,1,2,3,1,0,0,1,1,1,0,4,3,2,2,3,3,10,1,0,1,1,0,0,0,0,0,0,0,0,0,0,1,7.5
3,GP,4,2,mother,1,3,0,0,1,1,1,1,1,1,3,2,2,1,1,5,2,1,1,1,0,1,0,0,0,0,1,0,0,1,0,1,26.5
4,GP,3,3,father,1,2,0,0,1,0,1,1,0,0,4,3,2,1,2,5,4,1,1,1,0,0,0,0,0,0,0,0,0,1,0,1,21.5
5,GP,4,3,mother,1,2,0,0,1,1,1,1,1,0,5,4,2,1,2,5,10,1,0,1,0,0,1,0,0,0,0,0,0,0,1,1,28.75
6,GP,2,2,mother,1,2,0,0,0,0,1,1,1,0,4,4,4,1,1,3,0,1,0,1,0,0,0,0,0,0,0,0,0,1,0,0,11.0
7,GP,4,4,mother,2,2,0,1,1,0,1,1,0,0,4,1,4,1,1,1,6,1,1,0,0,0,0,0,0,0,0,1,0,1,0,0,19.0
8,GP,3,2,mother,1,2,0,0,1,0,1,1,1,0,4,2,2,1,1,1,0,1,0,0,0,0,1,0,0,0,0,0,0,1,0,1,17.25
9,GP,3,4,mother,1,2,0,0,1,1,1,1,1,0,5,5,1,1,1,5,0,1,1,1,0,0,0,0,0,0,0,0,0,1,0,1,30.75
10,GP,4,4,mother,1,2,0,0,1,0,1,1,1,0,3,3,3,1,2,2,0,1,1,1,0,0,0,1,0,1,0,0,0,0,1,1,19.0
11,GP,2,1,father,3,3,0,0,1,1,1,1,1,0,5,2,2,1,1,4,4,1,1,1,0,0,1,0,0,0,0,0,0,0,1,0,23.75
12,GP,4,4,father,1,1,0,0,1,1,1,1,1,0,4,3,3,1,3,5,2,1,0,1,0,1,0,0,0,0,1,0,1,0,0,1,27.0
13,GP,4,3,mother,2,2,0,0,1,0,1,1,1,0,5,4,3,1,2,3,2,1,1,1,0,0,0,1,0,0,0,0,1,0,0,1,20.75
14,GP,2,2,other,1,3,0,0,1,0,1,1,1,1,4,5,2,1,1,3,0,1,1,0,0,0,0,0,0,0,0,0,0,1,0,0,18.0
15,GP,4,4,mother,1,1,0,0,1,0,1,1,1,0,4,4,4,1,2,2,4,1,1,1,0,1,0,0,0,0,0,0,0,1,0,0,19.0
16,GP,4,4,mother,1,3,0,0,1,1,1,1,1,0,3,2,3,1,2,2,6,1,1,1,0,0,1,0,0,0,1,0,0,0,1,1,24.0
17,GP,3,3,mother,3,2,0,1,1,1,1,1,0,0,5,3,2,1,1,4,4,1,1,1,0,0,0,0,0,0,0,0,0,0,1,0,27.5
18,GP,3,2,mother,1,1,3,0,1,1,1,1,1,0,5,5,5,2,4,5,16,1,1,1,0,0,1,0,0,0,1,0,1,0,0,0,20.25
19,GP,4,3,father,1,1,0,0,0,1,1,1,1,0,3,1,3,1,3,5,4,1,0,1,0,1,0,0,0,0,0,0,0,1,0,1,19.75
20,GP,4,3,mother,1,2,0,0,0,0,1,1,1,0,4,4,1,1,1,1,0,1,1,1,0,0,0,1,0,0,0,0,0,0,1,0,15.75
21,GP,4,4,father,1,1,0,0,1,0,1,1,1,0,5,4,2,1,1,5,0,1,1,1,0,1,0,0,0,1,0,0,0,0,0,1,26.0
22,GP,4,2,mother,1,2,0,0,0,1,1,1,1,0,4,5,1,1,3,5,2,1,0,1,0,0,0,1,0,0,0,0,1,0,0,0,21.5
23,GP,2,2,mother,2,2,0,0,1,1,1,1,1,0,5,4,4,2,4,5,0,1,0,1,0,0,0,0,0,0,0,0,0,0,1,0,20.0
24,GP,2,4,mother,1,3,0,1,1,1,1,1,1,0,4,3,2,1,1,5,2,0,1,1,0,0,1,0,0,1,0,0,1,0,0,1,27.5
25,GP,2,2,mother,1,1,2,0,1,0,0,1,1,0,1,2,2,1,3,5,14,1,1,1,0,0,1,0,0,0,1,0,0,1,0,1,15.0
26,GP,2,2,mother,1,1,0,0,1,0,1,1,1,0,4,2,2,1,2,5,2,1,1,1,0,0,0,0,0,0,0,0,0,1,0,1,19.0
27,GP,4,2,mother,1,1,0,0,0,0,1,1,1,0,2,2,4,2,4,1,4,1,1,1,0,1,0,0,0,0,1,0,0,0,0,1,5.5
28,GP,3,4,mother,1,2,0,1,1,1,1,1,1,0,5,3,3,1,1,5,4,1,0,0,0,0,1,0,0,0,0,0,0,1,0,0,28.75
29,GP,4,4,mother,1,2,0,0,1,1,1,1,1,1,4,4,5,5,5,5,16,1,1,1,0,0,0,1,0,0,0,1,0,1,0,1,19.0
30,GP,4,4,mother,1,2,0,0,1,0,0,1,1,0,5,4,2,3,4,5,0,1,1,1,0,1,0,0,0,0,1,0,0,1,0,1,21.0
31,GP,4,4,mother,2,2,0,0,1,1,1,1,1,0,4,3,1,1,1,5,0,1,1,1,0,0,1,0,0,0,1,0,0,0,1,0,31.0
32,GP,4,3,mother,1,2,0,0,1,1,1,1,1,1,4,5,2,1,1,5,0,0,1,1,0,0,0,1,1,0,0,0,1,0,0,0,28.75
33,GP,3,3,mother,1,2,0,0,0,1,0,1,1,0,5,3,2,1,1,2,0,1,0,1,0,0,0,0,0,0,0,0,1,0,0,0,20.5
34,GP,3,2,mother,1,1,0,0,1,0,0,1,1,0,5,4,3,1,1,5,0,1,1,1,0,0,0,0,0,0,0,0,0,1,0,1,21.25
35,GP,2,3,father,2,1,0,0,1,1,1,1,0,0,3,5,1,1,1,5,0,1,1,1,0,0,0,0,0,0,0,0,0,0,0,0,26.25
36,GP,4,3,mother,1,3,0,0,1,1,1,1,1,0,5,4,3,1,1,4,2,1,0,1,0,0,0,1,0,0,1,0,0,1,0,0,27.75
37,GP,4,4,mother,2,3,0,0,1,1,1,1,1,1,2,4,3,1,1,5,7,0,1,0,0,0,0,0,0,0,0,1,0,0,1,0,27.0
38,GP,3,4,mother,1,3,0,1,1,1,1,1,1,0,4,3,2,1,1,5,2,0,1,1,0,0,1,0,0,1,0,0,1,0,0,1,28.75
39,GP,2,2,mother,1,1,0,1,1,1,1,1,0,0,4,3,1,1,1,2,8,0,1,1,1,0,0,0,0,0,0,0,0,0,1,1,23.0
40,GP,2,2,mother,2,2,1,0,1,1,0,1,1,1,3,3,3,1,2,3,25,1,0,1,0,0,0,0,0,0,0,0,0,1,0,0,20.0
41,GP,4,4,other,1,1,0,0,1,0,0,1,1,1,5,4,3,2,4,5,8,1,0,1,0,0,0,1,0,0,0,0,0,1,0,0,21.0
42,GP,4,4,father,1,2,0,0,1,1,1,1,1,0,4,3,3,1,1,5,2,1,1,1,0,0,1,0,0,0,0,1,1,0,0,0,29.0
43,GP,2,2,father,1,1,0,1,1,0,1,1,1,0,5,4,1,1,1,1,0,1,1,1,0,0,1,0,0,0,1,0,1,0,0,0,18.0
44,GP,2,2,father,2,2,1,1,0,1,1,1,1,0,4,3,3,2,2,5,14,1,0,1,0,0,0,0,1,0,0,0,1,0,0,0,17.0
45,GP,4,3,mother,1,2,0,1,1,1,1,1,1,1,5,2,2,1,1,5,8,1,0,0,0,0,0,0,0,0,0,0,1,0,0,1,29.75
46,GP,3,3,mother,1,2,0,0,1,0,1,1,1,0,2,3,5,1,4,3,12,1,0,0,0,0,0,0,0,0,1,0,0,1,0,0,12.5
47,GP,4,3,mother,1,4,0,0,0,1,1,1,1,0,4,2,2,1,1,2,4,1,1,1,0,1,0,0,0,0,1,0,0,0,1,0,20.75
48,GP,4,2,mother,1,2,0,0,1,0,1,1,0,0,4,3,3,2,2,5,2,1,1,1,0,0,0,1,0,0,0,0,0,1,0,1,19.5
49,GP,4,4,father,1,2,1,1,1,1,0,1,1,0,4,4,4,1,1,3,2,1,1,1,0,0,1,0,0,0,0,1,0,0,0,0,26.0
50,GP,2,2,mother,3,2,0,0,1,0,1,1,1,0,4,3,3,2,3,4,2,1,0,1,0,0,1,0,0,0,1,0,1,0,0,1,15.0
51,GP,4,2,mother,1,2,0,0,1,0,1,1,1,0,4,3,3,1,1,5,2,1,0,1,0,1,0,0,0,0,0,0,0,0,0,1,21.5
52,GP,4,2,father,2,1,1,0,0,0,1,1,0,0,5,5,5,3,4,5,6,1,0,0,0,1,0,0,0,1,0,0,0,0,0,0,10.5
53,GP,4,4,mother,1,1,0,1,1,0,1,1,1,0,3,3,4,2,3,5,0,1,1,1,0,0,1,0,0,0,1,0,1,0,0,1,19.0
54,GP,3,3,mother,1,1,0,0,0,0,1,1,1,0,5,3,4,4,4,1,6,1,0,0,0,0,0,0,0,0,0,0,0,0,0,1,6.5
55,GP,2,1,mother,1,2,0,0,0,1,1,1,1,1,5,3,4,1,1,2,8,1,1,0,0,0,0,0,0,0,0,0,0,0,0,1,14.75
56,GP,4,3,mother,1,2,0,0,1,1,1,1,1,0,4,3,2,1,1,1,0,1,1,0,0,0,1,0,0,0,1,0,0,0,1,1,24.75
57,GP,4,4,mother,1,2,0,0,1,1,1,1,0,0,3,2,2,1,1,5,4,1,1,1,0,0,0,1,0,1,0,0,0,0,1,0,29.0
58,GP,1,2,father,1,2,0,1,1,1,1,1,1,0,4,3,2,1,1,5,2,1,0,1,0,0,0,0,1,0,0,0,0,1,0,0,23.75
59,GP,4,2,mother,1,2,0,0,1,0,1,1,1,0,4,2,3,1,1,5,2,1,1,1,0,0,1,0,0,0,0,0,1,0,0,0,21.5
60,GP,4,4,mother,1,2,0,0,1,1,1,1,0,0,2,4,4,2,3,4,6,0,1,1,0,1,0,0,0,0,0,1,0,0,0,0,22.0
61,GP,1,1,father,4,1,0,1,1,1,0,1,1,1,5,5,5,5,5,5,6,1,1,1,0,0,1,0,0,0,1,0,1,0,0,0,12.5
62,GP,1,2,father,1,2,0,1,0,1,1,1,1,0,4,4,3,1,1,1,4,1,0,1,0,0,0,0,0,0,1,0,0,0,1,0,13.75
63,GP,4,3,mother,1,3,0,1,1,1,1,1,1,0,3,4,4,2,4,4,2,1,1,1,0,0,0,1,0,1,0,0,0,1,0,1,20.75
64,GP,4,3,father,1,2,0,1,0,1,1,1,1,1,4,4,4,2,4,2,0,1,0,1,0,0,1,0,0,0,1,0,0,0,1,0,14.75
65,GP,4,3,mother,3,2,0,0,1,1,1,1,1,0,5,4,3,1,2,1,2,1,0,1,0,0,0,1,0,0,1,0,1,0,0,0,23.75
66,GP,4,4,mother,1,4,0,0,1,1,0,1,1,1,1,3,3,5,5,3,4,1,1,0,0,0,0,0,0,0,1,0,0,0,1,0,16.0
67,GP,3,1,mother,1,4,0,1,1,0,1,1,1,0,4,3,3,1,2,5,4,1,1,1,0,0,1,0,0,0,0,0,1,0,0,1,18.0
68,GP,2,2,mother,2,2,0,1,1,0,1,1,1,0,4,1,3,1,3,4,2,0,0,1,0,1,0,0,0,0,1,0,0,0,1,1,16.0
69,GP,3,1,father,2,4,0,0,1,0,0,1,1,0,4,4,2,2,3,3,12,0,0,1,0,0,0,0,0,0,0,0,0,0,1,0,15.0
70,GP,3,1,father,2,4,0,0,1,0,1,1,1,0,4,3,2,1,1,5,0,1,1,1,0,0,0,0,0,0,0,0,0,0,1,1,20.0
71,GP,4,2,mother,1,4,0,0,0,0,1,1,1,0,3,3,3,1,1,3,0,1,1,1,0,0,0,0,0,0,0,0,1,0,0,0,13.5
72,GP,1,1,mother,1,2,2,1,1,0,0,1,1,1,3,3,4,2,4,5,2,0,1,1,0,0,0,0,0,0,0,0,0,0,1,0,10.5
73,GP,3,1,mother,1,1,0,0,0,1,1,1,0,0,5,3,2,2,2,5,2,1,1,1,0,0,0,0,0,0,0,0,0,0,1,0,19.0
74,GP,3,3,mother,1,2,0,1,1,1,1,1,1,0,4,3,3,2,4,5,54,1,1,1,0,0,0,0,0,0,1,0,0,1,0,1,22.5
75,GP,4,3,mother,1,2,0,0,1,1,1,1,1,0,4,3,3,2,3,5,6,1,1,1,0,0,0,1,0,0,0,0,0,1,0,1,24.75
76,GP,4,0,mother,2,4,0,0,0,1,1,1,1,0,3,4,3,1,1,1,8,1,1,1,0,0,0,1,0,0,0,0,1,0,0,0,14.0
77,GP,2,2,mother,1,4,0,0,0,0,1,1,1,1,5,2,3,1,3,3,0,1,1,1,0,0,0,0,0,0,0,0,0,0,1,1,11.0
78,GP,2,1,mother,2,1,3,1,1,1,1,0,1,0,4,5,1,1,1,3,2,1,1,1,0,0,0,0,0,0,0,0,0,1,0,0,17.75
79,GP,3,4,mother,1,2,0,0,1,0,1,1,1,0,2,4,3,1,2,3,12,1,1,1,1,0,0,0,0,0,0,0,1,0,0,0,17.75
80,GP,2,3,father,1,1,0,1,1,1,0,1,1,1,3,2,2,1,3,3,2,1,1,1,0,0,0,0,0,0,1,0,1,0,0,1,21.25
81,GP,2,3,mother,1,3,0,1,0,0,0,1,1,0,5,3,2,1,2,5,4,1,1,1,0,0,0,0,0,0,0,0,0,1,0,1,16.25
82,GP,3,2,mother,1,2,0,0,1,0,1,1,1,0,4,4,4,1,1,5,10,1,0,1,0,0,1,0,0,0,0,0,0,0,1,1,19.25
83,GP,2,2,mother,2,2,0,0,0,1,1,1,1,0,5,3,3,1,3,4,4,1,0,1,0,0,1,0,0,0,1,0,0,1,0,1,17.0
84,GP,1,1,father,1,2,0,0,1,1,0,1,1,0,4,3,2,2,3,4,2,1,1,1,0,0,0,0,0,0,0,0,0,1,0,0,18.5
85,GP,4,4,father,2,2,2,0,0,0,1,1,1,1,4,4,4,2,3,5,6,1,1,1,0,0,1,0,0,0,1,0,0,0,1,1,15.0
86,GP,2,2,mother,1,2,0,0,1,0,1,1,0,0,4,3,4,1,2,2,4,1,0,1,1,0,0,0,0,0,0,0,1,0,0,0,14.0
87,GP,4,2,mother,1,3,0,0,1,1,1,1,1,0,5,3,3,1,3,1,4,1,1,1,0,0,0,0,0,0,0,0,0,0,1,0,21.5
88,GP,2,2,father,2,2,1,0,0,1,0,1,1,0,4,4,2,1,1,3,12,1,1,1,0,0,1,0,0,0,0,0,0,0,1,1,18.0
89,GP,4,4,mother,1,2,0,0,1,0,1,1,0,0,4,1,3,3,5,5,18,1,0,0,0,0,0,1,0,1,0,0,0,0,1,0,18.0
90,GP,3,3,mother,1,3,0,0,1,0,1,1,1,1,4,3,3,1,3,4,0,1,1,1,0,0,0,0,0,0,0,0,0,1,0,1,18.5
91,GP,4,3,mother,1,1,0,0,0,1,1,1,1,0,4,5,5,1,3,1,4,1,1,1,0,0,1,0,0,0,0,0,0,0,1,1,14.75
92,GP,3,1,father,1,2,0,1,1,0,1,1,0,0,3,3,3,2,3,2,4,1,0,1,0,0,0,0,0,0,0,0,0,1,0,0,12.0
93,GP,4,2,mother,2,2,0,0,1,1,1,1,1,0,5,3,3,1,1,1,0,1,1,1,0,0,0,1,0,0,1,0,0,1,0,1,23.5
94,GP,2,2,mother,1,4,0,0,1,1,1,1,1,0,4,3,4,1,1,4,6,1,0,1,0,0,1,0,0,1,0,0,0,0,1,0,22.0
95,GP,1,1,mother,2,4,1,1,1,1,1,1,1,0,3,1,2,1,1,1,2,0,1,1,1,0,0,0,0,0,0,0,0,1,0,1,17.5
96,GP,4,3,mother,2,1,0,1,1,1,0,1,1,0,3,3,3,1,1,4,2,0,1,1,0,0,1,0,0,0,0,0,0,0,1,0,25.75
97,GP,2,1,mother,1,2,0,0,1,0,1,1,0,1,4,3,5,1,1,5,2,1,1,1,0,0,0,0,0,0,0,0,1,0,0,1,15.75
98,GP,4,4,mother,1,1,0,0,0,1,0,1,1,0,5,3,4,1,2,1,6,1,1,1,0,0,0,0,0,0,0,0,0,0,1,0,19.0
99,GP,4,3,mother,1,3,0,1,1,0,1,1,1,0,5,3,5,1,1,3,0,1,1,1,0,0,0,0,1,0,0,0,1,0,0,1,19.75
100,GP,4,4,mother,1,1,0,1,1,1,1,1,1,0,4,5,5,5,5,4,14,1,1,1,0,0,1,0,0,0,1,0,0,0,0,1,18.0
101,GP,4,4,father,1,3,0,0,1,1,1,1,1,1,4,4,3,1,1,4,0,1,1,1,0,0,1,0,0,0,0,1,0,0,0,0,28.0
102,GP,4,4,mother,1,1,0,0,1,1,0,1,1,0,5,3,3,1,1,5,4,1,1,1,0,0,1,0,0,0,0,0,1,0,0,0,30.0
103,GP,3,2,mother,2,2,0,1,1,0,1,1,1,0,4,3,5,1,1,2,26,1,1,1,0,0,1,0,0,0,0,0,0,1,0,1,15.25
104,GP,3,4,mother,1,2,0,0,1,1,1,1,1,0,5,4,4,1,1,1,0,1,1,0,0,0,1,0,0,0,0,0,1,0,0,1,23.75
105,GP,3,3,father,1,4,0,1,0,0,1,1,0,0,4,3,3,1,1,4,10,1,1,0,0,0,0,0,0,1,0,0,0,0,1,0,15.5
106,GP,2,2,mother,1,4,0,1,1,0,1,1,1,0,5,1,2,1,1,3,8,1,1,1,0,0,0,0,0,0,0,0,1,0,0,1,19.0
107,GP,3,3,father,1,3,0,0,1,1,1,1,1,0,5,3,3,1,1,5,2,1,1,1,0,0,1,0,0,0,0,0,0,1,0,0,27.5
108,GP,4,4,father,4,4,0,0,1,1,1,1,1,1,1,3,5,3,5,1,6,0,1,1,0,0,0,0,0,0,0,0,0,1,0,1,14.0
109,GP,4,4,mother,1,3,0,0,1,1,1,1,1,1,5,4,5,1,1,4,4,1,0,1,0,1,0,0,0,1,0,0,0,0,0,1,27.0
110,GP,4,4,mother,1,1,0,0,0,1,1,1,1,0,5,5,3,1,1,4,6,1,0,0,0,0,0,1,0,0,0,1,1,0,0,0,24.0
111,GP,3,3,father,1,3,1,1,1,1,1,1,1,0,4,1,2,1,1,2,0,0,1,1,0,0,1,0,0,0,0,0,0,0,1,0,24.5
112,GP,2,2,mother,1,2,1,1,0,1,1,1,1,0,3,1,2,1,1,5,6,1,1,1,1,0,0,0,0,0,0,0,0,1,0,0,19.0
113,GP,4,2,mother,1,1,0,0,0,0,1,1,1,0,3,5,2,1,1,3,10,1,0,1,0,0,0,1,0,0,0,0,1,0,0,0,14.5
114,GP,2,1,mother,1,2,0,0,0,1,1,1,1,1,5,4,2,1,1,5,8,0,1,1,0,1,0,0,0,0,1,0,0,0,1,0,19.75
115,GP,4,4,father,1,2,0,0,1,1,1,1,1,0,5,4,4,1,2,5,2,1,1,1,0,0,0,1,0,0,0,1,1,0,0,0,28.0
116,GP,4,4,father,2,2,0,0,1,1,1,1,0,0,4,4,3,1,1,2,2,1,1,1,0,0,0,0,0,0,0,1,0,0,1,0,26.0
117,GP,3,3,father,2,1,0,0,0,1,1,1,1,0,5,4,2,1,1,5,0,1,1,1,0,0,0,0,0,0,1,0,0,1,0,0,23.5
118,GP,1,3,father,3,2,1,0,1,1,1,1,1,0,5,2,4,1,4,5,20,0,1,1,0,0,0,0,0,0,0,0,1,0,0,0,21.0
119,GP,3,4,father,1,1,0,0,0,0,1,1,1,0,3,4,3,1,2,4,6,1,1,1,0,0,0,0,0,0,0,0,0,0,1,0,14.75
120,GP,1,2,mother,1,2,0,0,0,0,0,1,1,0,3,2,3,1,2,1,2,1,1,1,1,0,0,0,0,0,1,0,1,0,0,0,6.75
121,GP,2,2,father,1,4,0,0,1,1,1,1,1,0,5,5,4,1,2,5,6,1,1,1,0,0,1,0,0,0,1,0,0,1,0,1,23.0
122,GP,2,4,father,2,2,0,0,1,1,1,1,1,1,4,2,2,1,2,5,2,1,0,1,0,0,0,0,0,1,0,0,1,0,0,1,26.5
123,GP,4,4,mother,1,1,0,0,1,1,1,1,1,0,3,4,4,1,4,5,18,1,1,1,0,1,0,0,0,0,0,0,1,0,0,0,24.0
124,GP,2,2,mother,1,2,0,0,0,0,1,1,1,1,5,4,4,1,1,5,0,1,1,1,0,0,0,0,0,0,0,0,0,1,0,1,14.0
125,GP,3,4,father,1,1,0,1,0,0,1,1,1,0,5,5,5,3,2,5,0,1,1,1,0,0,1,0,0,0,1,0,0,1,0,0,13.75
126,GP,3,4,mother,1,2,0,1,0,1,1,1,1,1,5,3,2,1,1,1,0,1,0,0,0,0,0,0,0,0,0,0,0,1,0,0,20.75
127,GP,0,1,other,1,2,3,0,1,0,0,0,0,0,3,4,2,1,1,5,2,1,1,1,1,0,0,0,0,0,0,0,1,0,0,0,10.25
128,GP,2,2,mother,1,1,2,0,1,1,1,1,1,0,3,3,3,1,2,4,0,0,1,1,0,0,1,0,0,0,0,0,0,0,1,0,21.0
129,GP,4,4,mother,1,1,0,0,0,1,1,1,1,0,3,5,5,2,5,4,8,0,1,1,0,0,0,1,0,0,0,1,1,0,0,1,15.0
130,GP,3,4,father,2,3,2,0,1,0,1,1,1,1,4,2,2,2,2,5,0,0,1,1,0,0,1,0,0,0,0,1,1,0,0,0,21.75
131,GP,1,1,mother,3,1,0,0,1,1,0,1,1,1,4,3,3,1,2,4,0,1,1,1,1,0,0,0,0,0,0,0,1,0,0,0,19.5
132,GP,2,2,father,1,1,0,0,1,0,1,1,1,1,3,4,4,1,3,5,12,1,0,1,0,0,0,0,0,0,0,0,1,0,0,0,15.0
133,GP,3,4,father,1,1,0,0,0,0,1,1,1,0,3,2,1,1,4,5,16,1,1,0,0,0,1,0,0,0,0,0,1,0,0,0,15.75
134,GP,3,4,mother,4,2,0,0,1,0,1,1,0,1,5,3,3,1,1,5,0,0,1,1,1,0,0,0,0,0,0,1,1,0,0,0,23.75
135,GP,4,4,mother,1,3,0,0,1,1,1,1,1,1,4,3,3,1,1,5,0,1,1,1,0,0,1,0,1,0,0,0,1,0,0,0,29.0
136,GP,3,4,mother,3,2,0,0,0,0,1,1,0,0,5,4,5,2,4,5,0,0,1,1,1,0,0,0,0,0,0,0,1,0,0,0,12.75
137,GP,3,3,other,2,1,2,0,1,1,0,1,1,1,4,3,2,1,1,5,0,1,1,0,0,0,0,0,0,0,0,0,1,0,0,0,27.5
138,GP,1,1,mother,1,2,1,0,0,0,1,1,0,1,4,4,4,1,3,5,0,1,0,1,0,0,1,0,0,0,0,0,1,0,0,0,8.5
139,GP,4,4,mother,2,1,0,0,0,1,1,1,1,0,4,3,2,1,1,5,0,1,1,1,0,0,0,1,0,0,0,1,1,0,0,0,25.0
140,GP,4,3,father,2,4,0,1,1,0,1,1,1,0,2,2,2,1,1,3,0,1,1,1,0,0,0,1,0,0,1,0,1,0,0,0,19.75
141,GP,2,2,father,2,1,2,0,1,1,1,1,1,0,2,3,3,2,2,2,8,1,0,1,0,0,1,0,0,0,1,0,0,0,1,0,17.0
142,GP,4,4,mother,1,3,0,0,1,1,1,1,1,0,4,2,2,1,1,5,2,1,1,1,0,0,0,1,0,0,1,0,1,0,0,1,30.0
143,GP,1,1,mother,1,1,0,0,0,0,1,1,1,0,3,4,4,3,3,1,2,1,0,1,1,0,0,0,1,0,0,0,1,0,0,0,1.5
144,GP,2,1,mother,1,1,3,0,1,0,1,1,1,0,5,4,5,1,2,5,0,1,1,1,0,0,0,0,0,0,0,0,0,1,0,0,15.75
145,GP,1,1,father,1,2,0,0,1,0,1,1,1,0,4,4,2,1,2,5,0,1,1,1,0,0,0,0,0,0,1,0,1,0,0,1,16.5
146,GP,3,2,father,1,2,3,0,1,0,1,1,1,0,3,3,2,1,1,3,0,1,1,1,0,1,0,0,0,0,1,0,0,1,0,0,18.25
147,GP,1,2,mother,1,2,0,0,1,0,0,1,1,0,4,3,2,1,1,5,2,1,1,1,1,0,0,0,0,0,0,0,1,0,0,1,18.75
148,GP,4,4,mother,1,1,0,0,1,0,1,0,1,1,3,3,2,2,1,5,0,1,1,1,0,0,0,1,0,0,0,1,1,0,0,0,18.0
149,GP,2,1,mother,4,1,3,0,0,0,1,1,1,0,4,5,5,2,5,5,0,1,0,0,0,0,1,0,0,0,0,0,1,0,0,0,5.75
150,GP,1,1,mother,1,1,3,0,0,0,1,0,1,1,2,3,5,2,5,4,0,1,0,1,0,0,0,0,0,0,0,0,1,0,0,0,-3.5
151,GP,2,1,mother,1,1,1,0,0,1,1,1,0,1,4,4,4,3,5,5,6,1,0,1,1,0,0,0,0,0,0,0,1,0,0,0,10.75
152,GP,3,3,other,2,3,2,0,1,1,1,1,1,1,4,2,1,2,3,3,8,0,1,1,0,0,1,0,0,0,1,0,0,0,1,1,23.5
153,GP,3,2,mother,1,1,3,0,1,0,1,0,1,1,4,5,4,1,1,4,0,1,1,1,0,0,1,0,1,0,0,0,0,1,0,0,13.25
154,GP,4,4,mother,1,1,0,1,1,0,1,1,0,1,4,2,1,1,1,4,0,1,1,1,0,0,0,0,0,0,0,1,1,0,0,0,25.0
155,GP,2,3,mother,1,2,0,1,0,1,1,1,0,0,4,4,4,1,1,1,2,0,1,1,1,0,0,0,0,0,1,0,1,0,0,1,15.25
156,GP,1,2,mother,1,1,0,0,0,0,1,1,0,0,2,2,2,3,3,5,8,0,0,1,0,0,0,0,0,0,0,0,0,0,1,0,7.75
157,GP,1,1,mother,3,1,3,0,1,1,0,1,0,0,5,2,5,1,5,4,6,0,1,1,1,0,0,0,0,0,0,0,1,0,0,0,15.5
158,GP,2,2,mother,3,1,0,0,0,0,0,1,0,0,4,2,2,1,2,3,2,0,1,1,1,0,0,0,0,0,0,0,1,0,0,0,12.0
159,GP,3,3,father,1,2,1,0,1,0,1,1,1,1,4,5,5,4,4,5,4,1,1,1,0,0,0,0,0,0,1,0,1,0,0,1,13.5
160,GP,2,1,mother,2,1,2,0,0,1,1,0,1,1,3,3,2,2,2,5,0,0,0,1,1,0,0,0,0,0,0,0,1,0,0,0,10.75
161,GP,3,2,mother,2,2,2,1,1,0,1,1,1,1,4,4,4,1,4,3,6,0,1,1,0,0,0,0,0,0,0,0,1,0,0,0,14.25
162,GP,1,2,mother,2,1,1,0,0,1,1,1,0,0,4,4,4,2,4,5,0,1,0,1,0,0,0,0,0,0,0,0,1,0,0,0,12.75
163,GP,1,3,father,1,1,0,0,0,0,1,0,1,0,5,3,3,1,4,2,2,1,1,1,1,0,0,0,0,0,1,0,1,0,0,0,4.0
164,GP,1,1,mother,4,2,3,0,0,1,1,0,0,1,5,3,5,1,5,5,0,0,0,1,0,0,0,0,0,0,1,0,1,0,0,0,6.5
165,GP,3,2,mother,2,1,1,0,1,1,0,0,0,0,4,5,2,1,1,2,16,1,1,1,0,0,1,0,0,0,1,0,1,0,0,0,18.25
166,GP,2,2,father,1,2,0,0,0,0,1,0,1,0,4,3,5,2,4,4,4,1,1,1,0,0,0,0,0,0,0,0,1,0,0,0,2.0
167,GP,4,2,father,1,2,0,0,0,0,1,1,1,1,4,2,3,1,1,3,0,1,1,1,0,1,0,0,0,0,1,0,0,1,0,1,14.5
168,GP,2,2,mother,1,2,0,0,1,0,0,1,1,0,5,1,5,1,1,4,0,1,1,1,0,0,0,0,0,0,0,0,0,1,0,1,17.0
169,GP,4,4,mother,1,2,0,0,1,0,1,1,1,1,4,4,2,1,1,3,0,1,1,1,0,1,0,0,0,1,0,0,0,0,1,1,23.0
170,GP,3,4,father,3,1,2,0,1,1,0,1,1,0,3,4,5,2,4,2,0,1,1,1,0,0,0,0,0,0,0,0,1,0,0,0,17.75
171,GP,1,0,mother,2,2,0,0,1,1,1,1,1,1,4,3,2,1,1,3,2,1,1,1,0,0,0,0,0,0,0,0,0,0,1,1,19.25
172,GP,4,4,mother,1,2,0,0,1,1,1,1,1,0,4,4,4,1,3,5,0,1,0,1,0,0,0,1,0,0,0,0,0,0,1,1,26.0
173,GP,1,3,mother,1,2,3,0,0,1,0,1,1,1,4,3,5,1,1,3,0,1,1,1,1,0,0,0,0,0,1,0,0,1,0,0,15.0
174,GP,3,3,mother,2,2,0,0,1,1,1,1,1,0,4,4,5,1,1,4,4,1,0,1,0,0,0,0,0,0,0,0,0,0,1,1,23.5
175,GP,4,3,mother,2,2,0,0,0,1,1,1,1,0,4,4,4,4,4,4,4,1,0,1,0,0,0,1,0,0,0,0,1,0,0,1,14.75
176,GP,2,2,mother,2,2,0,0,0,1,0,1,1,0,3,4,4,1,4,5,2,1,1,1,0,0,1,0,0,0,0,0,0,0,1,1,14.0
177,GP,3,3,father,1,2,0,0,0,1,0,1,1,0,4,3,4,1,4,4,4,1,1,1,0,0,0,0,0,0,0,0,0,0,1,0,16.5
178,GP,4,2,mother,1,1,0,0,1,1,1,1,1,1,4,3,3,3,4,3,10,0,1,1,0,0,0,1,0,0,1,0,0,0,0,0,19.5
179,GP,4,3,mother,1,2,0,0,1,1,1,1,1,1,5,2,3,1,1,2,4,1,1,1,0,0,0,0,0,0,0,0,1,0,0,0,25.75
180,GP,4,3,mother,1,2,0,0,1,1,1,1,1,0,3,4,3,2,3,3,10,1,1,1,0,0,0,1,0,0,0,0,0,1,0,1,21.75
181,GP,3,3,mother,1,2,0,0,0,1,1,1,1,1,4,2,3,1,2,3,2,1,1,1,0,0,1,0,0,0,0,0,0,1,0,1,18.5
182,GP,2,4,father,1,2,0,0,1,1,1,1,0,0,5,4,2,2,3,5,0,1,1,1,0,0,1,0,0,0,1,0,0,0,1,0,25.5
183,GP,3,3,mother,1,2,0,0,1,1,1,1,1,1,5,3,3,2,3,1,56,1,0,1,0,0,0,0,0,0,0,0,0,0,1,0,20.5
184,GP,3,2,mother,1,2,0,0,1,0,1,1,1,0,1,2,2,1,2,1,14,1,1,1,0,0,0,0,0,0,0,0,0,0,1,1,13.25
185,GP,3,3,mother,1,2,0,0,1,1,1,1,1,1,4,3,4,2,3,4,12,1,1,1,0,0,1,0,0,0,1,0,0,0,0,0,21.5
186,GP,1,2,mother,1,1,0,0,1,1,1,1,1,1,3,3,3,1,2,3,2,1,1,1,0,0,1,0,0,0,1,0,0,0,0,1,18.75
187,GP,2,1,mother,1,2,0,0,0,1,1,1,1,1,4,2,3,1,2,5,0,1,0,1,0,0,0,0,0,0,0,0,1,0,0,1,16.75
188,GP,3,3,mother,1,2,0,0,1,0,0,1,1,1,3,3,3,1,3,3,6,1,1,0,0,1,0,0,0,0,0,0,0,0,1,0,16.5
189,GP,1,2,mother,1,2,0,0,0,0,1,1,0,0,3,1,3,1,5,3,4,0,1,1,1,0,0,0,0,0,0,0,0,1,0,0,5.75
190,GP,2,3,mother,1,2,0,0,0,0,1,1,1,0,4,3,3,1,1,2,10,1,1,1,0,0,1,0,0,0,1,0,1,0,0,0,12.25
191,GP,1,1,mother,1,2,0,0,0,1,1,1,1,0,5,3,3,1,1,3,0,1,1,1,1,0,0,0,0,0,1,0,1,0,0,0,15.5
192,GP,1,2,other,2,2,0,0,0,1,0,1,1,0,4,4,4,4,5,5,12,1,1,1,1,0,0,0,0,0,1,0,0,0,0,1,9.75
193,GP,3,3,mother,1,1,0,0,1,1,1,1,1,0,4,3,2,3,4,5,8,0,1,1,0,0,1,0,0,0,1,0,0,0,1,0,22.5
194,GP,2,3,father,2,1,0,0,0,0,1,1,1,0,5,3,3,1,1,3,0,1,1,1,0,0,0,0,0,0,0,0,0,1,0,0,14.25
195,GP,2,4,father,1,2,0,0,0,1,1,1,1,1,4,3,2,1,1,5,0,1,0,1,0,0,1,0,0,0,1,0,1,0,0,0,22.5
196,GP,4,4,mother,1,1,0,0,0,0,1,1,1,0,5,2,3,1,2,5,4,1,1,1,0,0,1,0,0,0,0,1,0,1,0,0,19.0
197,GP,3,3,father,3,1,0,0,1,1,1,1,1,0,3,3,4,3,5,3,8,0,0,1,0,0,0,1,0,0,0,0,0,1,0,1,16.5
198,GP,4,4,mother,2,1,1,0,1,0,1,1,1,0,4,2,4,2,3,2,24,1,1,1,0,0,1,0,0,0,0,1,0,1,0,0,17.0
199,GP,4,4,mother,1,2,0,0,1,0,1,1,1,0,4,5,2,1,2,3,0,1,0,1,0,0,0,1,0,0,0,1,0,0,1,1,22.0
200,GP,4,3,mother,1,2,0,0,1,1,1,1,1,0,4,3,5,1,5,2,2,1,1,1,0,1,0,0,0,0,0,0,0,1,0,0,18.75
201,GP,2,3,mother,1,2,0,1,1,1,1,1,0,0,4,4,3,1,3,4,6,1,1,1,0,0,0,0,0,0,0,0,0,0,1,1,22.25
202,GP,1,1,mother,1,2,0,0,1,0,0,1,0,0,4,4,4,1,3,1,4,1,1,1,0,0,0,0,0,0,0,0,1,0,0,1,9.5
203,GP,2,2,mother,1,1,0,0,1,0,1,1,1,0,5,3,2,1,2,3,18,0,1,1,0,0,0,0,0,0,0,0,0,0,1,0,18.0
204,GP,2,2,mother,2,4,0,0,1,1,0,1,1,0,5,3,5,1,1,5,6,0,1,1,0,0,1,0,0,0,1,0,0,0,1,1,23.0
205,GP,3,4,mother,1,3,1,0,1,0,1,1,1,1,4,4,3,3,4,5,28,1,1,1,1,0,0,0,0,0,1,0,0,1,0,1,17.75
206,GP,3,1,mother,1,2,3,0,1,0,1,1,1,0,2,3,3,2,2,4,5,1,1,0,0,0,1,0,0,0,0,0,1,0,0,1,14.0
207,GP,4,3,mother,1,2,0,0,0,1,1,1,1,1,1,3,2,1,1,1,10,1,1,1,0,0,0,1,0,0,0,0,0,0,0,1,16.75
208,GP,1,1,mother,2,1,0,0,1,0,1,1,0,0,4,3,2,1,4,5,6,1,1,1,1,0,0,0,0,0,0,0,0,1,0,1,14.5
209,GP,4,3,mother,2,3,0,0,1,1,1,1,1,1,4,4,2,1,1,4,6,0,1,1,0,0,0,1,0,0,0,0,0,0,1,1,27.75
210,GP,3,3,other,1,4,0,0,1,1,1,1,1,0,4,3,3,1,2,3,10,1,1,1,0,0,0,0,0,0,0,0,0,0,1,1,23.5
211,GP,4,4,mother,1,2,0,0,1,0,1,1,1,1,5,3,5,4,5,3,13,1,0,1,0,0,1,0,0,0,0,0,0,1,0,1,14.0
212,GP,2,2,mother,1,2,0,1,1,0,1,1,1,0,3,3,4,1,1,4,0,1,1,0,0,0,0,0,0,0,0,0,0,0,1,1,16.0
213,GP,2,2,mother,1,2,1,0,1,1,1,1,1,0,4,4,4,2,4,5,15,1,1,1,0,0,1,0,0,0,0,0,0,1,0,1,19.0
214,GP,4,4,mother,1,1,0,0,1,0,1,1,0,0,5,2,1,1,2,3,12,0,0,1,0,0,1,0,0,0,0,0,0,0,0,1,24.0
215,GP,3,2,mother,2,2,0,0,0,0,1,1,1,0,4,4,4,1,3,1,2,1,0,1,0,0,0,0,0,0,0,0,0,0,1,1,8.25
216,GP,4,3,mother,1,2,2,0,0,0,1,1,1,1,3,4,5,2,4,1,22,1,1,1,0,0,0,0,0,0,0,0,0,0,1,1,6.75
217,GP,3,3,father,1,2,1,0,1,0,1,1,1,0,3,2,4,2,4,4,13,1,0,1,0,0,1,0,0,1,0,0,0,1,0,1,14.5
218,GP,2,3,father,2,1,0,0,1,0,1,1,0,0,3,3,3,1,4,3,3,1,1,1,1,0,0,0,0,0,0,0,0,1,0,1,14.25
219,GP,2,2,mother,1,3,0,0,1,1,1,1,1,0,4,3,3,1,1,4,4,1,1,1,1,0,0,0,1,0,0,0,1,0,0,1,23.0
220,GP,2,1,mother,2,2,0,0,1,1,1,1,1,0,4,2,5,1,2,5,2,0,1,1,1,0,0,0,0,0,1,0,0,0,1,0,19.75
221,GP,1,1,mother,1,3,1,0,1,1,1,1,0,1,4,3,4,1,1,5,0,1,1,1,1,0,0,0,0,0,0,0,0,0,1,0,20.5
222,GP,2,3,mother,1,2,0,1,0,0,1,1,1,0,2,3,1,1,1,3,2,1,1,1,0,0,1,0,0,0,0,1,0,0,0,0,13.25
223,GP,2,2,mother,2,2,0,0,1,0,1,1,1,0,3,3,3,5,5,4,0,1,1,1,0,0,0,0,0,0,0,0,0,1,0,1,9.0
224,GP,4,4,mother,1,3,0,0,1,1,0,1,1,0,5,3,2,1,1,5,0,1,1,1,0,0,0,1,0,0,1,0,0,1,0,0,31.0
225,GP,3,1,mother,1,2,1,0,0,1,1,1,1,1,5,3,3,1,1,4,16,0,1,1,0,0,0,0,0,0,0,0,0,0,1,0,19.0
226,GP,3,2,mother,1,2,0,0,0,1,0,1,1,0,5,3,4,1,3,3,10,1,1,1,0,0,0,0,0,0,0,0,1,0,0,0,16.25
227,GP,2,3,father,1,2,0,0,1,0,0,1,1,0,5,3,3,1,3,3,2,1,0,1,0,0,1,0,0,0,1,0,0,0,1,1,17.25
228,GP,2,1,mother,4,2,0,1,1,1,1,1,1,1,4,3,2,4,5,3,14,1,0,1,1,0,0,0,0,0,0,0,1,0,0,1,14.75
229,GP,2,1,mother,2,3,0,0,0,1,1,1,1,1,3,2,3,1,2,3,10,1,1,0,0,0,0,0,0,0,0,0,1,0,0,0,13.75
230,GP,4,3,father,1,2,0,0,0,1,1,1,1,1,3,2,3,1,2,3,14,1,0,1,0,1,0,0,0,0,0,0,0,0,1,0,18.75
231,GP,2,2,father,2,2,0,0,1,1,1,1,1,0,4,5,2,1,1,1,4,0,1,1,0,0,0,0,0,0,0,0,1,0,0,1,21.0
232,GP,4,4,mother,1,2,0,1,1,1,1,1,1,1,4,5,5,1,3,2,14,1,1,1,0,0,0,1,0,0,0,1,0,0,1,0,22.0
233,GP,4,4,father,1,2,0,0,1,1,1,1,1,0,4,2,4,2,4,1,2,1,1,1,0,1,0,0,0,0,0,0,0,0,1,1,20.0
234,GP,1,1,mother,2,2,0,0,1,0,1,1,1,0,3,4,2,1,1,5,18,1,0,1,0,0,0,0,0,0,0,0,0,1,0,1,16.5
235,GP,3,2,mother,2,3,0,0,0,1,1,1,1,1,5,3,3,1,3,2,10,1,1,1,1,0,0,0,0,0,0,0,0,0,1,0,16.25
236,GP,2,2,father,1,2,0,0,0,1,0,1,1,1,4,4,2,5,5,4,4,1,0,1,0,0,0,0,0,0,0,0,0,1,0,1,11.0
237,GP,2,1,mother,1,1,0,0,0,0,1,1,1,1,4,5,2,1,1,5,20,1,1,1,0,0,0,0,0,0,0,0,0,1,0,0,13.75
238,GP,2,1,mother,3,2,0,0,0,1,1,1,0,0,2,1,1,1,1,3,2,0,1,1,1,0,0,0,0,0,1,0,1,0,0,0,15.75
239,GP,2,2,father,1,2,1,0,0,0,1,0,1,0,5,5,4,3,5,2,0,1,1,1,0,0,0,0,0,0,1,0,0,0,1,0,0.0
240,GP,4,3,mother,2,2,0,0,0,1,1,1,1,1,2,5,5,1,4,5,14,1,0,1,0,1,0,0,0,0,0,0,1,0,0,0,15.75
241,GP,4,4,mother,2,2,0,0,1,0,1,1,1,0,3,3,3,2,3,4,2,0,0,0,0,0,0,1,0,0,0,0,1,0,0,1,19.0
242,GP,4,3,mother,1,1,0,0,0,1,0,1,1,0,5,4,5,1,1,3,0,1,0,1,0,0,0,1,0,0,0,0,1,0,0,0,19.75
243,GP,4,4,mother,1,1,0,0,0,1,1,1,1,0,5,3,2,1,2,5,0,1,1,1,0,0,1,0,0,0,1,0,1,0,0,0,25.0
244,GP,2,1,other,2,3,0,0,1,0,0,1,1,1,4,4,4,1,1,3,0,1,1,1,0,0,0,0,0,0,0,0,1,0,0,1,14.75
245,GP,2,1,mother,3,1,0,0,0,0,1,1,1,0,4,3,3,1,1,4,6,1,1,1,0,0,0,0,0,0,0,0,1,0,0,0,11.75
246,GP,2,3,father,2,1,0,0,0,0,1,1,1,0,5,2,2,1,1,2,4,1,1,1,0,0,0,0,0,0,0,0,1,0,0,0,14.25
247,GP,3,1,mother,1,1,3,0,0,0,0,0,1,1,5,4,5,5,5,1,16,1,1,1,0,0,1,0,0,0,1,0,0,0,0,0,-4.0
248,GP,3,3,mother,1,2,1,0,1,0,1,1,1,1,4,3,3,1,3,5,8,0,0,1,0,0,0,0,0,0,1,0,1,0,0,0,19.5
249,GP,0,2,mother,1,1,0,0,0,0,0,1,1,0,4,3,2,2,4,5,0,1,1,1,0,0,0,0,0,0,0,0,0,0,0,1,8.5
250,GP,3,2,mother,2,1,1,0,0,0,1,0,1,0,4,4,5,2,4,5,0,1,1,1,0,0,1,0,0,0,0,0,1,0,0,0,4.25
251,GP,3,3,other,3,2,0,1,1,0,0,1,1,0,5,3,3,1,3,2,6,1,1,1,1,0,0,0,0,0,0,0,0,0,1,0,17.5
252,GP,2,1,mother,1,1,1,0,0,0,0,0,1,0,3,2,5,2,5,5,4,1,1,1,0,0,1,0,0,0,1,0,0,0,0,0,-0.25
253,GP,2,1,mother,2,1,0,0,0,1,0,1,0,0,3,3,2,1,3,3,0,0,1,1,0,0,0,0,0,0,0,0,1,0,0,0,13.75
254,GP,2,1,mother,1,1,0,0,0,0,0,1,1,0,4,4,2,2,4,5,0,0,1,1,0,0,0,0,0,0,0,0,1,0,0,0,9.75
255,GP,1,1,mother,2,1,1,0,1,1,1,1,1,0,4,4,4,1,2,5,2,1,0,1,0,1,0,0,0,0,0,0,1,0,0,0,19.5
256,GP,4,2,mother,1,4,0,0,1,1,1,1,1,0,4,2,3,1,1,4,6,1,0,1,0,0,0,1,0,0,1,0,0,0,1,1,25.5
257,GP,4,3,mother,1,2,0,0,1,0,1,1,1,0,4,3,1,1,1,1,12,1,0,0,0,0,1,0,1,0,0,0,0,0,1,0,20.75
258,GP,2,1,mother,1,2,0,0,0,1,1,1,1,0,5,2,4,1,2,4,8,1,1,1,0,0,0,0,0,0,0,0,0,1,0,0,15.75
259,GP,2,2,father,1,4,0,0,0,1,1,1,1,1,3,4,1,1,1,2,0,1,0,1,0,0,1,0,0,0,1,0,1,0,0,1,17.0
260,GP,4,3,father,1,2,0,0,1,0,1,1,1,1,3,1,2,1,3,2,21,1,1,1,0,0,1,0,0,0,0,0,0,1,0,1,17.75
261,GP,4,3,mother,1,2,0,0,1,0,0,1,1,0,4,3,2,1,1,3,2,1,1,1,0,0,0,1,0,0,0,0,1,0,0,1,21.75
262,GP,3,2,mother,1,3,0,0,0,1,0,1,0,0,5,3,2,1,1,3,1,0,1,1,0,0,0,0,0,0,0,0,1,0,0,0,20.25
263,GP,3,3,mother,1,3,0,0,0,1,0,1,0,0,3,2,3,1,1,4,4,1,1,1,0,0,0,0,0,0,0,0,0,1,0,0,19.5
264,GP,2,2,mother,1,3,0,0,1,1,1,1,1,1,4,3,3,1,1,3,0,1,1,1,1,0,0,0,0,0,1,0,0,1,0,1,22.0
265,GP,3,4,mother,2,2,0,0,1,1,1,1,1,0,4,2,5,3,4,1,13,0,0,0,0,0,0,0,0,0,0,0,0,0,1,1,16.75
266,GP,3,1,mother,1,2,0,0,0,1,1,1,1,1,5,4,4,3,4,5,2,1,1,1,0,0,1,0,0,0,0,0,0,0,0,1,14.0
267,GP,4,4,mother,2,2,0,0,0,1,1,1,1,0,4,3,4,2,2,4,8,0,1,1,0,0,0,1,0,0,0,0,0,0,1,1,20.0
268,GP,4,2,father,1,2,0,0,1,1,1,1,1,1,5,4,5,1,3,5,10,1,1,1,0,1,0,0,0,0,0,0,0,0,1,1,23.5
269,GP,2,1,mother,2,2,0,0,1,0,1,0,1,1,4,3,5,1,2,3,0,0,1,1,0,0,0,0,0,0,0,0,0,0,1,0,7.75
270,GP,3,3,other,1,2,2,0,1,1,1,1,1,0,4,3,5,3,3,5,15,1,1,1,0,0,0,0,0,0,1,0,0,1,0,1,20.5
271,GP,2,3,father,1,4,0,0,1,1,1,1,1,1,4,5,5,1,3,2,4,1,1,1,0,0,0,0,0,0,1,0,0,0,1,1,18.25
272,GP,1,1,mother,2,2,0,0,1,0,0,1,0,0,4,4,3,1,1,3,2,1,0,1,0,0,0,0,0,0,0,0,0,1,0,1,14.5
273,GP,1,2,mother,1,2,0,0,1,1,0,1,0,1,3,5,2,2,2,1,2,0,1,1,1,0,0,0,1,0,0,0,0,1,0,1,16.75
274,GP,2,4,mother,2,2,0,0,1,0,1,1,1,1,4,3,3,1,1,1,2,1,1,1,1,0,0,0,0,1,0,0,0,0,1,1,17.5
275,GP,2,2,mother,2,2,0,1,1,0,1,1,1,1,4,4,4,2,3,5,6,1,0,1,0,0,1,0,0,0,0,0,1,0,0,1,15.0
276,GP,3,2,mother,2,2,0,0,0,0,0,0,1,1,4,1,1,1,1,5,75,0,1,0,0,0,0,0,0,0,1,0,0,1,0,0,12.25
277,GP,4,4,mother,2,1,0,0,0,1,1,1,1,0,3,2,4,1,4,3,22,1,1,1,0,0,0,1,0,0,1,0,0,1,0,1,17.0
278,GP,4,4,father,1,2,1,1,1,1,1,1,1,1,2,4,4,1,1,4,15,1,1,1,0,1,0,0,0,1,0,0,0,0,1,0,25.0
279,GP,4,3,mother,2,1,0,0,0,1,1,1,1,0,4,2,3,1,2,1,8,1,0,1,0,0,0,1,0,0,1,0,1,0,0,1,17.75
280,GP,4,1,mother,2,1,0,0,0,1,1,1,1,1,4,5,4,2,4,5,30,1,0,0,0,0,1,0,0,0,0,0,0,1,0,1,15.25
281,GP,3,2,mother,1,1,1,0,0,0,1,1,1,0,4,4,4,3,4,3,19,1,0,0,0,0,0,1,0,0,1,0,0,1,0,0,7.25
282,GP,1,1,mother,2,4,0,0,1,1,1,1,0,0,5,2,2,1,1,3,1,0,0,1,1,0,0,0,0,0,0,0,0,0,1,1,21.5
283,GP,1,1,mother,2,2,0,1,0,1,1,1,1,0,5,4,4,1,1,4,4,1,1,1,0,0,0,0,0,0,0,0,0,1,0,0,15.5
284,GP,2,2,mother,1,2,0,0,1,0,0,1,1,0,5,4,5,1,2,5,4,1,1,1,0,0,0,0,0,0,0,0,1,0,0,0,17.0
285,GP,1,1,father,1,2,0,0,0,0,0,1,1,0,4,3,3,1,2,4,2,1,1,1,0,0,0,0,0,0,0,0,0,0,1,1,9.5
286,GP,2,2,mother,1,3,0,0,1,0,1,1,1,0,4,3,3,1,2,2,5,1,1,1,1,0,0,0,1,0,0,0,0,0,0,1,15.0
287,GP,1,1,mother,1,3,0,0,1,0,1,1,1,0,4,3,3,1,1,3,6,1,1,1,0,0,1,0,0,0,0,1,0,0,1,1,14.5
288,GP,2,1,mother,1,3,0,0,0,1,1,1,1,0,4,2,4,1,3,2,6,1,1,1,0,0,1,0,0,0,1,0,0,0,1,1,11.75
289,GP,4,4,mother,1,2,0,0,1,1,1,1,1,0,5,4,3,1,1,2,9,1,0,0,0,0,0,1,0,0,0,1,0,0,1,1,27.0
290,GP,4,2,mother,1,2,0,0,1,1,1,1,1,1,4,3,2,1,4,5,11,1,1,1,0,0,0,1,0,0,0,0,0,1,0,1,24.5
291,GP,4,3,mother,1,3,0,0,1,0,1,1,1,0,4,2,2,1,2,3,0,1,1,1,0,1,0,0,0,0,1,0,0,0,1,1,20.75
292,GP,2,1,mother,1,2,1,0,0,0,1,1,1,1,5,4,3,1,1,5,12,1,0,1,0,0,1,0,1,0,0,0,0,0,1,0,13.75
293,GP,3,1,mother,2,4,0,0,1,0,1,1,0,0,3,1,2,1,1,3,6,0,0,1,0,0,1,0,0,0,0,0,0,0,1,1,17.0
294,GP,3,2,mother,2,3,0,0,1,1,1,1,1,0,5,4,2,1,1,4,8,0,0,1,0,0,1,0,0,0,0,0,0,0,1,1,26.25
295,GP,3,3,mother,1,1,0,0,1,0,1,1,1,0,4,4,3,1,3,5,4,1,1,1,0,1,0,0,0,0,0,0,0,1,0,1,19.5
296,GP,4,4,other,2,2,0,0,1,1,1,1,1,0,2,3,4,2,3,2,0,1,1,1,0,1,0,0,0,0,0,0,0,0,1,1,20.0
297,GP,4,3,other,2,2,0,0,1,0,1,1,1,1,4,4,5,1,2,2,10,1,0,1,0,0,0,0,0,0,0,0,0,1,0,1,16.75
298,GP,4,3,father,1,4,0,0,1,0,1,1,1,0,4,3,3,1,1,3,0,1,1,1,0,0,0,0,0,0,0,0,0,0,1,1,20.75
299,GP,4,4,mother,1,1,0,0,1,0,1,1,1,1,1,4,2,2,2,1,5,1,0,1,0,0,0,1,0,0,0,1,0,1,0,1,16.0
300,GP,4,4,mother,1,2,0,0,1,0,1,1,1,1,4,2,4,1,1,4,14,1,0,0,0,1,0,0,0,0,0,0,0,1,0,0,22.0
301,GP,4,4,father,2,1,0,0,0,0,1,1,1,0,4,1,1,2,2,5,0,1,0,1,0,0,0,0,0,0,0,1,0,1,0,1,19.0
302,GP,4,2,mother,2,3,0,0,1,0,1,1,1,0,4,3,3,1,1,3,0,1,1,1,0,0,0,0,0,0,0,0,0,0,1,1,19.5
303,GP,3,2,father,1,4,0,0,1,1,0,1,1,0,5,2,2,1,2,5,0,1,1,1,0,1,0,0,0,1,0,0,0,0,1,1,26.25
304,GP,3,3,other,1,2,1,0,1,1,1,1,1,1,4,4,4,1,1,3,20,1,1,1,0,0,0,0,0,0,0,0,0,1,0,0,23.5
305,GP,2,4,other,1,2,1,0,1,1,1,1,1,0,4,4,3,1,1,3,8,1,1,1,0,0,1,0,1,0,0,0,0,0,1,1,24.5
306,GP,3,2,other,1,1,0,0,0,1,1,1,0,0,5,5,3,1,1,5,0,1,1,0,0,0,1,0,0,0,0,0,1,0,0,0,21.25
307,GP,4,4,other,2,1,1,0,1,0,1,1,1,1,4,3,4,1,1,4,38,1,1,1,0,0,0,1,0,0,1,0,0,0,1,1,22.0
308,GP,3,3,father,1,2,1,0,0,1,1,1,0,1,4,5,3,1,2,5,0,0,1,1,0,0,0,0,0,0,1,0,0,0,1,0,20.5
309,GP,1,1,other,1,2,1,1,1,1,0,1,1,0,4,4,3,1,3,3,18,1,0,1,1,0,0,0,0,0,0,0,0,0,1,0,17.5
310,GP,1,2,other,1,2,1,0,0,1,0,1,0,1,4,2,4,2,2,3,0,1,0,1,0,0,1,0,0,0,1,0,0,1,0,0,12.75
311,GP,2,1,other,3,2,0,0,1,0,1,0,1,1,3,4,1,1,1,2,20,1,1,1,1,0,0,0,0,0,0,0,0,0,0,0,10.75
312,GP,1,2,other,1,2,1,0,0,0,0,1,1,0,4,5,2,2,2,4,3,1,1,1,0,0,0,0,0,0,1,0,1,0,0,0,10.75
313,GP,3,2,other,2,2,1,0,1,0,0,1,1,1,4,2,2,1,2,1,22,1,0,1,0,0,1,0,0,0,0,0,0,0,1,1,16.25
314,GP,1,1,other,1,3,2,0,0,0,0,1,1,1,4,1,2,1,1,3,14,1,1,1,1,0,0,0,0,1,0,0,0,1,0,0,10.5
315,GP,2,3,other,1,3,1,0,0,0,1,1,1,1,4,1,2,1,1,3,40,0,1,1,0,0,0,0,0,0,0,0,0,0,1,0,14.25
316,GP,2,1,mother,2,2,0,0,1,1,1,1,1,0,5,3,3,1,2,1,0,1,1,1,0,0,1,0,0,0,0,0,1,0,0,1,18.75
317,GP,4,3,mother,1,3,0,0,1,1,1,1,1,1,4,3,4,1,1,5,9,1,1,1,0,0,0,0,0,0,0,0,1,0,0,1,26.75
318,GP,3,4,father,1,3,0,0,1,1,0,1,1,0,4,3,4,2,5,5,0,0,1,1,1,0,0,0,0,0,1,0,1,0,0,1,21.75
319,GP,4,4,mother,1,2,0,0,1,0,1,1,1,0,4,4,4,3,3,5,2,1,1,1,0,0,0,1,0,0,0,0,1,0,0,1,19.0
320,GP,4,3,mother,1,2,0,0,1,0,1,1,1,1,5,2,2,1,2,5,23,1,1,0,0,0,1,0,0,0,1,0,1,0,0,1,23.75
321,GP,2,2,mother,1,2,0,0,1,0,1,1,0,1,4,2,2,1,1,3,12,1,1,1,0,0,0,0,0,0,0,0,1,0,0,0,18.0
322,GP,2,2,mother,1,3,0,0,1,1,1,1,1,0,3,3,2,2,2,3,3,0,0,1,0,0,1,0,0,0,1,0,1,0,0,1,20.0
323,GP,3,1,father,1,3,0,0,1,0,0,1,1,0,3,4,3,2,3,5,1,1,1,1,0,0,1,0,0,0,1,0,1,0,0,0,15.0
324,GP,0,2,father,2,3,0,0,0,0,1,1,1,0,3,3,3,2,3,2,0,1,0,1,1,0,0,0,1,0,0,0,0,1,0,0,4.5
325,GP,4,4,mother,1,3,0,0,0,1,1,1,1,0,4,3,3,2,2,3,3,1,1,1,0,0,0,0,0,0,0,0,1,0,0,0,20.0
326,GP,3,3,mother,1,1,0,0,0,1,0,1,1,0,4,3,5,3,5,5,3,1,1,1,0,0,0,0,0,0,1,0,0,0,1,0,13.5
327,GP,2,2,mother,4,1,0,0,1,0,1,1,1,0,4,4,5,5,5,4,8,0,1,1,0,0,1,0,0,0,0,0,1,0,0,0,8.0
328,GP,4,4,mother,1,3,0,0,1,1,1,1,1,0,5,4,4,1,3,4,7,1,1,1,0,0,0,1,0,0,1,0,1,0,0,1,26.0
329,GP,4,4,mother,2,3,0,0,1,0,0,1,1,1,4,3,3,1,2,4,4,1,1,1,0,0,0,1,0,0,0,1,1,0,0,1,22.0
330,GP,2,2,mother,1,4,0,0,1,1,1,1,1,0,4,5,5,2,4,5,2,1,0,1,0,0,0,0,0,0,0,0,1,0,0,0,18.0
331,GP,2,4,father,1,3,0,0,1,0,1,1,1,1,4,4,3,1,1,5,7,0,1,1,1,0,0,0,0,0,0,0,1,0,0,0,21.5
332,GP,3,3,mother,1,2,0,0,0,1,1,1,1,0,5,3,4,1,1,4,0,1,1,1,0,0,1,0,0,0,1,0,0,1,0,0,20.5
333,GP,2,2,other,1,2,0,0,0,1,0,1,1,1,4,3,3,1,1,2,0,1,0,1,0,0,0,0,0,0,0,0,0,1,0,0,16.0
334,GP,2,2,mother,2,4,0,0,0,1,1,1,0,0,4,4,4,1,1,4,0,0,1,1,1,0,0,0,0,0,0,0,1,0,0,0,17.0
335,GP,3,4,mother,1,3,0,0,0,0,1,1,1,0,4,4,5,1,3,5,16,1,1,1,0,0,1,0,0,0,0,0,1,0,0,0,13.75
336,GP,3,1,other,1,3,1,0,0,0,1,1,0,0,5,4,3,1,2,5,12,0,1,0,0,0,1,0,1,0,0,0,0,1,0,1,14.0
337,GP,3,2,mother,1,2,0,0,1,0,1,1,1,1,4,3,2,2,3,2,0,1,1,1,0,0,0,0,0,0,0,0,0,1,0,1,15.25
338,GP,3,3,mother,1,4,0,0,1,0,1,1,1,0,5,3,3,1,1,1,7,1,0,1,0,0,1,0,0,0,1,0,0,1,0,0,18.5
339,GP,3,2,mother,1,2,0,0,1,0,1,1,1,0,4,3,3,2,3,2,4,0,1,0,0,0,0,0,0,0,0,0,0,1,0,1,14.25
340,GP,2,1,other,1,3,1,0,0,1,1,1,1,1,4,3,4,1,3,3,4,1,1,1,0,0,1,0,0,0,1,0,0,1,0,1,12.75
341,GP,4,4,father,1,2,1,0,1,1,1,1,1,0,4,3,3,2,2,2,0,1,1,1,0,0,0,1,0,0,1,0,0,1,0,0,24.0
342,GP,3,4,mother,1,2,0,0,0,1,1,1,1,1,4,3,3,1,3,5,11,1,0,1,0,0,1,0,0,0,0,0,0,1,0,0,20.75
343,GP,2,2,father,1,2,1,0,1,0,1,1,1,1,3,3,1,1,2,4,0,1,1,0,1,0,0,0,1,0,0,0,0,1,0,0,18.0
344,GP,2,3,mother,1,3,0,0,1,0,1,1,1,0,4,3,3,1,2,3,4,1,1,1,1,0,0,0,0,0,0,0,1,0,0,0,17.25
345,GP,3,2,mother,1,3,0,0,0,0,1,1,1,1,5,4,3,2,3,1,7,1,1,1,0,0,0,0,0,0,1,0,0,0,0,0,9.25
346,GP,4,3,mother,1,3,0,0,0,0,1,1,1,1,5,3,2,1,2,4,9,0,1,1,0,0,0,1,0,0,1,0,1,0,0,0,17.75
347,GP,4,3,mother,1,3,0,0,1,0,1,1,1,1,5,4,5,2,3,5,0,1,1,1,0,0,0,1,0,0,0,0,1,0,0,1,18.75
348,GP,4,3,mother,1,3,0,0,1,1,1,1,1,1,4,4,3,1,3,4,0,1,1,1,0,1,0,0,0,0,0,0,0,0,1,1,24.75
349,MS,3,2,mother,2,1,1,0,1,0,0,1,1,0,2,5,5,5,5,5,10,0,1,1,0,0,0,0,0,0,0,0,1,0,0,0,8.25
350,MS,1,1,other,3,2,3,0,0,0,1,1,1,0,5,4,4,3,3,2,8,0,1,1,0,0,0,0,0,0,1,0,0,1,0,0,4.5
351,MS,3,3,mother,2,2,0,0,1,0,1,1,1,0,4,5,4,2,3,3,2,1,1,1,0,1,0,0,0,0,0,0,1,0,0,1,15.5
352,MS,1,3,mother,1,1,1,0,0,0,1,0,1,1,4,3,3,2,3,3,7,1,0,1,1,0,0,0,0,0,1,0,1,0,0,0,4.0
353,MS,1,1,other,3,1,1,0,1,0,1,1,1,0,4,4,4,3,3,5,4,0,1,1,0,0,0,0,0,0,0,0,0,1,0,0,11.5
354,MS,4,3,mother,2,2,0,0,1,1,0,1,1,1,4,5,5,1,3,2,4,0,1,1,0,0,1,0,0,0,0,0,0,1,0,1,20.75
355,MS,3,3,father,1,2,0,0,1,0,1,1,0,1,5,3,4,1,1,5,0,1,1,1,0,0,1,0,0,0,1,0,1,0,0,0,21.5
356,MS,4,4,father,2,2,0,0,1,1,1,1,1,0,4,3,3,1,2,5,4,0,1,1,0,0,0,1,0,0,1,0,0,0,0,1,28.0
357,MS,3,2,mother,2,2,0,0,0,0,1,1,0,1,1,2,3,1,2,5,2,1,0,0,0,0,1,0,0,0,0,0,0,0,1,0,11.25
358,MS,1,1,father,2,1,0,0,0,0,0,1,1,1,3,3,2,1,2,3,4,1,0,1,0,0,0,0,0,0,1,0,0,1,0,0,8.5
359,MS,1,1,father,2,3,0,0,0,0,1,1,1,0,5,3,2,1,1,4,0,1,0,1,1,0,0,0,0,0,1,0,1,0,0,0,12.5
360,MS,1,4,mother,3,2,0,0,0,0,1,1,0,1,4,3,4,1,4,5,0,0,0,0,1,0,0,0,0,0,0,0,1,0,0,0,11.25
361,MS,1,1,mother,2,2,1,0,0,1,0,0,0,0,4,4,3,2,3,5,2,0,0,1,1,0,0,0,0,0,0,0,0,0,0,0,8.5
362,MS,3,3,mother,2,2,0,0,1,0,1,1,1,1,4,3,2,1,3,3,0,1,1,1,0,0,1,0,0,0,1,0,0,0,0,0,18.5
363,MS,4,4,mother,1,2,0,0,1,1,1,1,1,1,2,3,4,1,1,1,0,1,0,1,1,0,0,0,1,0,0,0,1,0,0,1,22.0
364,MS,1,2,father,2,2,0,0,0,0,0,1,0,0,3,2,2,1,2,3,0,0,1,1,0,0,0,0,0,0,1,0,1,0,0,0,9.75
365,MS,1,3,mother,2,2,0,0,1,0,1,1,0,0,3,3,4,2,4,3,4,0,1,1,1,0,0,0,0,0,0,0,1,0,0,1,11.0
366,MS,4,4,mother,2,3,0,0,0,0,1,1,1,1,4,2,2,2,2,5,0,1,0,1,0,0,0,1,0,0,1,0,0,0,0,1,18.0
367,MS,1,1,mother,3,1,1,0,1,0,1,1,1,1,5,2,1,1,2,1,0,0,1,1,0,0,0,0,0,0,1,0,0,0,1,1,14.5
368,MS,2,3,father,2,1,0,0,1,0,1,1,1,1,5,2,3,1,2,4,0,1,1,1,1,0,0,0,0,0,1,0,1,0,0,1,19.25
369,MS,4,4,father,3,2,0,0,1,0,0,1,1,1,3,2,2,4,2,5,10,0,1,1,0,0,0,0,0,0,0,1,0,0,0,1,20.0
370,MS,3,2,other,2,2,2,0,0,1,1,1,0,1,3,2,2,1,1,3,4,1,0,1,0,0,1,0,0,0,1,0,0,1,0,0,18.25
371,MS,1,2,father,3,1,0,0,1,1,1,0,1,1,4,3,3,2,3,3,3,0,0,1,1,0,0,0,0,0,1,0,0,0,0,1,12.75
372,MS,2,2,mother,1,3,0,0,0,1,1,1,0,1,3,4,3,1,1,3,8,1,1,1,0,0,0,0,1,0,0,0,0,1,0,0,16.0
373,MS,1,2,mother,1,1,0,0,0,1,1,1,1,0,3,5,5,1,3,1,14,0,1,1,0,0,0,0,0,0,0,0,1,0,0,0,8.75
374,MS,4,4,mother,2,3,0,0,0,0,1,1,1,0,5,4,4,1,1,1,0,0,0,1,0,0,0,0,0,0,0,0,0,0,1,0,15.0
375,MS,1,1,mother,4,3,0,0,0,0,1,1,1,0,4,3,2,1,2,4,2,0,1,1,0,0,0,0,0,0,0,0,0,1,0,0,10.5
376,MS,4,2,other,2,3,2,0,1,0,0,1,1,1,5,4,3,1,1,3,4,1,1,1,0,1,0,0,0,0,0,0,1,0,0,1,20.5
377,MS,4,4,mother,1,2,0,0,0,1,1,1,1,0,5,4,3,3,4,2,4,0,0,1,0,0,0,1,0,0,1,0,1,0,0,1,17.0
378,MS,3,3,mother,1,2,0,0,0,0,1,1,1,1,4,1,3,1,2,1,0,1,1,1,0,0,0,0,0,0,0,0,0,1,0,1,11.5
379,MS,3,1,mother,1,2,0,0,1,1,0,1,1,0,4,5,4,2,3,1,17,0,1,1,1,0,0,0,0,0,0,0,0,0,1,1,16.0
380,MS,4,4,father,1,2,0,0,0,1,0,1,1,0,3,2,4,1,4,2,4,1,1,1,0,0,0,1,0,0,0,1,0,1,0,1,16.0
381,MS,2,1,mother,2,1,0,0,0,1,0,1,1,1,4,4,3,1,3,5,5,0,1,1,0,0,0,0,0,0,0,0,0,0,0,0,15.75
382,MS,2,3,father,2,2,0,0,0,1,1,1,1,0,4,4,3,1,1,3,2,1,1,1,0,0,0,0,0,0,1,0,0,1,0,0,18.25
383,MS,1,1,mother,2,1,1,0,0,0,1,1,0,0,4,3,2,1,3,5,0,0,1,1,0,0,0,0,0,0,1,0,0,0,0,0,10.5
384,MS,4,2,father,2,1,1,0,0,0,1,1,0,0,5,4,3,4,3,3,14,0,1,1,0,0,0,0,0,0,0,0,0,1,0,1,10.5
385,MS,2,2,mother,2,3,0,0,0,0,1,1,0,0,5,3,3,1,3,4,2,0,1,1,1,0,0,0,0,0,0,0,0,0,0,1,12.0
386,MS,4,4,mother,3,1,0,0,1,1,1,1,1,1,4,4,3,2,2,5,7,0,1,1,0,0,0,1,1,0,0,0,0,0,1,1,27.0
387,MS,2,3,mother,1,3,1,0,0,1,0,1,1,0,5,4,2,1,2,5,0,0,1,1,0,0,1,0,0,0,0,0,1,0,0,0,21.25
388,MS,3,1,mother,1,2,0,0,1,0,1,1,1,0,4,3,4,1,1,1,0,1,0,1,0,0,0,1,0,0,1,0,1,0,0,1,14.0
389,MS,1,1,mother,2,2,1,0,0,1,1,1,0,0,1,1,1,1,1,5,0,1,1,1,0,0,0,0,0,0,0,0,1,0,0,0,15.5
390,MS,2,2,other,1,2,2,0,1,0,1,1,0,0,5,5,4,4,5,4,11,1,0,0,0,0,1,0,0,0,1,0,1,0,0,1,11.0
391,MS,3,1,mother,2,1,0,0,0,0,0,1,1,0,2,4,5,3,4,2,3,1,0,1,0,0,1,0,0,0,1,0,1,0,0,0,2.0
392,MS,1,1,other,1,1,3,0,0,0,0,1,0,0,5,5,3,3,3,3,3,0,1,1,0,0,0,0,0,0,0,0,1,0,0,0,6.5
393,MS,3,2,mother,3,1,0,0,0,0,0,1,1,0,4,4,1,3,4,5,0,0,0,1,0,0,1,0,0,0,0,0,1,0,0,0,12.25
394,MS,1,1,father,1,1,0,0,0,0,1,1,1,0,3,2,3,3,3,5,5,1,0,1,0,0,0,0,1,0,0,0,1,0,0,0,6.5
