,Medu,Fedu,traveltime,studytime,failures,schoolsup,famsup,activities,nursery,higher,internet,romantic,famrel,freetime,goout,Dalc,Walc,health,absences,address_type_Urban,famsize_BIG_FAMILY,Pstatus_Together,Mjob_at_home,Mjob_health,Mjob_services,Mjob_teacher,Fjob_at_home,Fjob_health,Fjob_services,Fjob_teacher,reason_course,reason_home,reason_reputation,tutor,guardian_father,guardian_mother,school_MS,super
0,4,4,2,2,0,1,0,0,1,1,0,0,4,3,4,1,1,3,4,1,1,0,1,0,0,0,0,0,0,1,1,0,0,0,0,1,0,16.0
1,1,1,1,2,0,0,1,0,0,1,1,0,5,3,3,1,1,3,2,1,1,1,1,0,0,0,0,0,0,0,1,0,0,0,1,0,0,15.5
2,1,1,1,2,0,1,0,0,1,1,1,0,4,3,2,2,3,3,6,1,0,1,1,0,0,0,0,0,0,0,0,0,0,0,0,1,0,7.5
3,4,2,1,3,0,0,1,1,1,1,1,1,3,2,2,1,1,5,0,1,1,1,0,1,0,0,0,0,1,0,0,1,0,0,0,1,0,26.5
4,3,3,1,2,0,0,1,0,1,1,0,0,4,3,2,1,2,5,0,1,1,1,0,0,0,0,0,0,0,0,0,1,0,0,1,0,0,21.5
5,4,3,1,2,0,0,1,1,1,1,1,0,5,4,2,1,2,5,6,1,0,1,0,0,1,0,0,0,0,0,0,0,1,0,0,1,0,28.75
6,2,2,1,2,0,0,0,0,1,1,1,0,4,4,4,1,1,3,0,1,0,1,0,0,0,0,0,0,0,0,0,1,0,0,0,1,0,11.0
7,4,4,2,2,0,1,1,0,1,1,0,0,4,1,4,1,1,1,2,1,1,0,0,0,0,0,0,0,0,1,0,1,0,0,0,1,0,19.0
8,3,2,1,2,0,0,1,0,1,1,1,0,4,2,2,1,1,1,0,1,0,0,0,0,1,0,0,0,0,0,0,1,0,0,0,1,0,17.25
9,3,4,1,2,0,0,1,1,1,1,1,0,5,5,1,1,1,5,0,1,1,1,0,0,0,0,0,0,0,0,0,1,0,0,0,1,0,30.75
10,4,4,1,2,0,0,1,0,1,1,1,0,3,3,3,1,2,2,2,1,1,1,0,0,0,1,0,1,0,0,0,0,1,0,0,1,0,19.0
11,2,1,3,3,0,0,1,1,1,1,1,0,5,2,2,1,1,4,0,1,1,1,0,0,1,0,0,0,0,0,0,0,1,0,1,0,0,23.75
12,4,4,1,1,0,0,1,1,1,1,1,0,4,3,3,1,3,5,0,1,0,1,0,1,0,0,0,0,1,0,1,0,0,0,1,0,0,27.0
13,4,3,2,2,0,0,1,0,1,1,1,0,5,4,3,1,2,3,0,1,1,1,0,0,0,1,0,0,0,0,1,0,0,0,0,1,0,20.75
14,2,2,1,3,0,0,1,0,1,1,1,1,4,5,2,1,1,3,0,1,1,0,0,0,0,0,0,0,0,0,0,1,0,0,0,0,0,18.0
15,4,4,1,1,0,0,1,0,1,1,1,0,4,4,4,1,2,2,6,1,1,1,0,1,0,0,0,0,0,0,0,1,0,0,0,1,0,19.0
16,4,4,1,3,0,0,1,1,1,1,1,0,3,2,3,1,2,2,10,1,1,1,0,0,1,0,0,0,1,0,0,0,1,0,0,1,0,24.0
17,3,3,3,2,0,1,1,1,1,1,0,0,5,3,2,1,1,4,2,1,1,1,0,0,0,0,0,0,0,0,0,0,1,0,0,1,0,27.5
18,3,2,1,1,3,0,1,1,1,1,1,0,5,5,5,2,4,5,2,1,1,1,0,0,1,0,0,0,1,0,1,0,0,1,0,1,0,20.25
19,4,3,1,1,0,0,0,1,1,1,1,0,3,1,3,1,3,5,6,1,0,1,0,1,0,0,0,0,0,0,0,1,0,0,1,0,0,19.75
20,4,3,1,2,0,0,0,0,1,1,1,0,4,4,1,1,1,1,0,1,1,1,0,0,0,1,0,0,0,0,0,0,1,0,0,1,0,15.75
21,4,4,1,1,0,0,1,0,1,1,1,0,5,4,2,1,1,5,0,1,1,1,0,1,0,0,0,1,0,0,0,0,0,1,1,0,0,26.0
22,4,2,1,2,0,0,0,1,1,1,1,0,4,5,1,1,3,5,0,1,0,1,0,0,0,1,0,0,0,0,1,0,0,0,0,1,0,21.5
23,2,2,2,2,0,0,1,1,1,1,1,0,5,4,4,2,4,5,2,1,0,1,0,0,0,0,0,0,0,0,0,0,1,0,0,1,0,20.0
24,2,4,1,3,0,1,1,1,1,1,1,0,4,3,2,1,1,5,2,0,1,1,0,0,1,0,0,1,0,0,1,0,0,0,0,1,0,27.5
25,2,2,1,1,0,0,1,0,0,1,1,0,1,2,2,1,3,5,6,1,1,1,0,0,1,0,0,0,1,0,0,1,0,0,0,1,0,15.0
26,2,2,1,1,0,0,1,0,1,1,1,0,4,2,2,1,2,5,8,1,1,1,0,0,0,0,0,0,0,0,0,1,0,0,0,1,0,19.0
27,4,2,1,1,0,0,0,0,1,1,1,0,2,2,4,2,4,1,0,1,1,1,0,1,0,0,0,0,1,0,0,0,0,0,0,1,0,5.5
28,3,4,1,2,0,1,1,1,1,1,1,0,5,3,3,1,1,5,2,1,0,0,0,0,1,0,0,0,0,0,0,1,0,1,0,1,0,28.75
29,4,4,1,2,0,0,1,1,1,1,1,1,4,4,5,5,5,5,4,1,1,1,0,0,0,1,0,0,0,1,0,1,0,1,0,1,0,19.0
30,4,4,1,2,0,0,1,0,0,1,1,0,5,4,2,3,4,5,0,1,1,1,0,1,0,0,0,0,1,0,0,1,0,1,0,1,0,21.0
31,4,4,2,2,0,0,1,1,1,1,1,0,4,3,1,1,1,5,2,1,1,1,0,0,1,0,0,0,1,0,0,0,1,0,0,1,0,31.0
32,4,3,1,2,0,0,1,1,1,1,1,1,4,5,2,1,1,5,0,0,1,1,0,0,0,1,1,0,0,0,1,0,0,0,0,1,0,28.75
33,3,3,1,2,0,0,0,1,0,1,1,0,5,3,2,1,1,2,0,1,0,1,0,0,0,0,0,0,0,0,1,0,0,0,0,1,0,20.5
34,3,2,1,1,0,0,1,0,0,1,1,0,5,4,3,1,1,5,4,1,1,1,0,0,0,0,0,0,0,0,0,1,0,0,0,1,0,21.25
35,2,3,2,1,0,0,1,1,1,1,0,0,3,5,1,1,1,5,4,1,1,1,0,0,0,0,0,0,0,0,0,0,0,0,1,0,0,26.25
36,4,3,1,3,0,0,1,1,1,1,1,0,5,4,3,1,1,4,0,1,0,1,0,0,0,1,0,0,1,0,0,1,0,0,0,1,0,27.75
37,4,4,2,3,0,0,1,1,1,1,1,1,2,4,3,1,1,5,4,0,1,0,0,0,0,0,0,0,0,1,0,0,1,0,0,1,0,27.0
38,3,4,1,3,0,1,1,1,1,1,1,0,4,3,2,1,1,5,2,0,1,1,0,0,1,0,0,1,0,0,1,0,0,0,0,1,0,28.75
39,2,2,1,1,0,1,1,1,1,1,0,0,4,3,1,1,1,2,8,0,1,1,1,0,0,0,0,0,0,0,0,0,1,0,0,1,0,23.0
40,2,2,2,2,0,0,1,1,0,1,1,1,3,3,3,1,2,3,16,1,0,1,0,0,0,0,0,0,0,0,0,1,0,0,0,1,0,20.0
41,4,4,1,1,0,0,1,0,0,1,1,1,5,4,3,2,4,5,8,1,0,1,0,0,0,1,0,0,0,0,0,1,0,0,0,0,0,21.0
42,4,4,1,2,0,0,1,1,1,1,1,0,4,3,3,1,1,5,0,1,1,1,0,0,1,0,0,0,0,1,1,0,0,0,1,0,0,29.0
43,2,2,1,1,0,1,1,0,1,1,1,0,5,4,1,1,1,1,0,1,1,1,0,0,1,0,0,0,1,0,1,0,0,0,1,0,0,18.0
44,2,2,2,2,1,1,0,1,1,1,1,0,4,3,3,2,2,5,14,1,0,1,0,0,0,0,1,0,0,0,1,0,0,0,1,0,0,17.0
45,4,3,1,2,0,1,1,1,1,1,1,1,5,2,2,1,1,5,4,1,0,0,0,0,0,0,0,0,0,0,1,0,0,1,0,1,0,29.75
46,3,3,1,2,0,0,1,0,1,1,1,0,2,3,5,1,4,3,6,1,0,0,0,0,0,0,0,0,1,0,0,1,0,0,0,1,0,12.5
47,4,3,1,4,0,0,0,1,1,1,1,0,4,2,2,1,1,2,2,1,1,1,0,1,0,0,0,0,1,0,0,0,1,0,0,1,0,20.75
48,4,2,1,2,0,0,1,0,1,1,0,0,4,3,3,2,2,5,4,1,1,1,0,0,0,1,0,0,0,0,0,1,0,0,0,1,0,19.5
49,4,4,1,2,0,1,1,1,0,1,1,0,4,4,4,1,1,3,2,1,1,1,0,0,1,0,0,0,0,1,0,0,0,0,1,0,0,26.0
50,2,2,3,2,0,0,1,0,1,1,1,0,4,3,3,2,3,4,0,1,0,1,0,0,1,0,0,0,1,0,1,0,0,0,0,1,0,15.0
51,4,2,1,2,0,0,1,0,1,1,1,0,4,3,3,1,1,5,0,1,0,1,0,1,0,0,0,0,0,0,0,0,0,0,0,1,0,21.5
52,4,2,2,1,0,0,0,0,1,1,0,0,5,5,5,3,4,5,4,1,0,0,0,1,0,0,0,1,0,0,0,0,0,0,1,0,0,10.5
53,4,4,1,1,0,1,1,0,1,1,1,0,3,3,4,2,3,5,0,1,1,1,0,0,1,0,0,0,1,0,1,0,0,0,0,1,0,19.0
54,3,3,1,1,0,0,0,0,1,1,1,0,5,3,4,4,4,1,0,1,0,0,0,0,0,0,0,0,0,0,0,0,0,0,0,1,0,6.5
55,2,1,1,2,0,0,0,1,1,1,1,1,5,3,4,1,1,2,2,1,1,0,0,0,0,0,0,0,0,0,0,0,0,0,0,1,0,14.75
56,4,3,1,2,0,0,1,1,1,1,1,0,4,3,2,1,1,1,0,1,1,0,0,0,1,0,0,0,1,0,0,0,1,0,0,1,0,24.75
57,4,4,1,2,0,0,1,1,1,1,0,0,3,2,2,1,1,5,8,1,1,1,0,0,0,1,0,1,0,0,0,0,1,0,0,1,0,29.0
58,1,2,1,2,0,1,1,1,1,1,1,0,4,3,2,1,1,5,0,1,0,1,0,0,0,0,1,0,0,0,0,1,0,0,1,0,0,23.75
59,4,2,1,2,0,0,1,0,1,1,1,0,4,2,3,1,1,5,2,1,1,1,0,0,1,0,0,0,0,0,1,0,0,1,0,1,0,21.5
60,4,4,1,2,0,0,1,1,1,1,0,0,2,4,4,2,3,4,0,0,1,1,0,1,0,0,0,0,0,1,0,0,0,0,0,1,0,22.0
61,1,1,4,1,0,1,1,1,0,1,1,1,5,5,5,5,5,5,0,1,1,1,0,0,1,0,0,0,1,0,1,0,0,0,1,0,0,12.5
62,1,2,1,2,0,1,0,1,1,1,1,0,4,4,3,1,1,1,0,1,0,1,0,0,0,0,0,0,1,0,0,0,1,0,1,0,0,13.75
63,4,3,1,3,0,1,1,1,1,1,1,0,3,4,4,2,4,4,0,1,1,1,0,0,0,1,0,1,0,0,0,1,0,0,0,1,0,20.75
64,4,3,1,2,0,1,0,1,1,1,1,1,4,4,4,2,4,2,0,1,0,1,0,0,1,0,0,0,1,0,0,0,1,0,1,0,0,14.75
65,4,3,3,2,0,0,1,1,1,1,1,0,5,4,3,1,2,1,2,1,0,1,0,0,0,1,0,0,1,0,1,0,0,0,0,1,0,23.75
66,4,4,1,4,0,0,1,1,0,1,1,1,1,3,3,5,5,3,0,1,1,0,0,0,0,0,0,0,1,0,0,0,1,0,0,1,0,16.0
67,3,1,1,4,0,1,1,0,1,1,1,0,4,3,3,1,2,5,0,1,1,1,0,0,1,0,0,0,0,0,1,0,0,0,0,1,0,18.0
68,2,2,2,2,0,1,1,0,1,1,1,0,4,1,3,1,3,4,0,0,0,1,0,1,0,0,0,0,1,0,0,0,1,0,0,1,0,16.0
69,3,1,2,4,0,0,1,0,0,1,1,0,4,4,2,2,3,3,6,0,0,1,0,0,0,0,0,0,0,0,0,0,1,0,1,0,0,15.0
70,3,1,2,4,0,0,1,0,1,1,1,0,4,3,2,1,1,5,2,1,1,1,0,0,0,0,0,0,0,0,0,0,1,0,1,0,0,20.0
71,4,2,1,4,0,0,0,0,1,1,1,0,3,3,3,1,1,3,0,1,1,1,0,0,0,0,0,0,0,0,1,0,0,0,0,1,0,13.5
72,1,1,1,2,0,1,1,0,0,1,1,1,3,3,4,2,4,5,2,0,1,1,0,0,0,0,0,0,0,0,0,0,1,0,0,1,0,10.5
73,3,1,1,1,0,0,0,1,1,1,0,0,5,3,2,2,2,5,0,1,1,1,0,0,0,0,0,0,0,0,0,0,1,0,0,1,0,19.0
74,3,3,1,2,0,1,1,1,1,1,1,0,4,3,3,2,4,5,4,1,1,1,0,0,0,0,0,0,1,0,0,1,0,0,0,1,0,22.5
75,4,3,1,2,0,0,1,1,1,1,1,0,4,3,3,2,3,5,0,1,1,1,0,0,0,1,0,0,0,0,0,1,0,0,0,1,0,24.75
76,4,0,2,4,0,0,0,1,1,1,1,0,3,4,3,1,1,1,0,1,1,1,0,0,0,1,0,0,0,0,1,0,0,0,0,1,0,14.0
77,2,2,1,4,0,0,0,0,1,1,1,1,5,2,3,1,3,3,1,1,1,1,0,0,0,0,0,0,0,0,0,0,1,0,0,1,0,11.0
78,2,1,2,1,3,1,1,1,1,0,1,0,4,5,1,1,1,3,0,1,1,1,0,0,0,0,0,0,0,0,0,1,0,0,0,1,0,17.75
79,3,4,1,2,0,0,1,0,1,1,1,0,2,4,3,1,2,3,14,1,1,1,1,0,0,0,0,0,0,0,1,0,0,0,0,1,0,17.75
80,2,3,1,1,0,1,1,1,0,1,1,1,3,2,2,1,3,3,0,1,1,1,0,0,0,0,0,0,1,0,1,0,0,0,1,0,0,21.25
81,2,3,1,3,0,1,0,0,0,1,1,0,5,3,2,1,2,5,2,1,1,1,0,0,0,0,0,0,0,0,0,1,0,0,0,1,0,16.25
82,3,2,1,2,0,0,1,0,1,1,1,0,4,4,4,1,1,5,4,1,0,1,0,0,1,0,0,0,0,0,0,0,1,0,0,1,0,19.25
83,2,2,2,2,0,0,0,1,1,1,1,0,5,3,3,1,3,4,2,1,0,1,0,0,1,0,0,0,1,0,0,1,0,1,0,1,0,17.0
84,1,1,1,2,0,0,1,1,0,1,1,0,4,3,2,2,3,4,2,1,1,1,0,0,0,0,0,0,0,0,0,1,0,0,1,0,0,18.5
85,4,4,2,2,0,0,0,0,1,1,1,1,4,4,4,2,3,5,4,1,1,1,0,0,1,0,0,0,1,0,0,0,1,0,1,0,0,15.0
86,2,2,1,2,0,0,1,0,1,1,0,0,4,3,4,1,2,2,6,1,0,1,1,0,0,0,0,0,0,0,1,0,0,0,0,1,0,14.0
87,4,2,1,3,0,0,1,1,1,1,1,0,5,3,3,1,3,1,4,1,1,1,0,0,0,0,0,0,0,0,0,0,1,0,0,1,0,21.5
88,2,2,2,2,0,0,0,1,0,1,1,0,4,4,2,1,1,3,6,1,1,1,0,0,1,0,0,0,0,0,0,0,1,0,1,0,0,18.0
89,4,4,1,2,0,0,1,0,1,1,0,0,4,1,3,3,5,5,6,1,0,0,0,0,0,1,0,1,0,0,0,0,1,0,0,1,0,18.0
90,3,3,1,3,0,0,1,0,1,1,1,1,4,3,3,1,3,4,2,1,1,1,0,0,0,0,0,0,0,0,0,1,0,0,0,1,0,18.5
91,4,3,1,1,0,0,0,1,1,1,1,0,4,5,5,1,3,1,6,1,1,1,0,0,1,0,0,0,0,0,0,0,1,0,0,1,0,14.75
92,3,1,1,2,0,1,1,0,1,1,0,0,3,3,3,2,3,2,0,1,0,1,0,0,0,0,0,0,0,0,0,1,0,0,1,0,0,12.0
93,4,2,2,2,0,0,1,1,1,1,1,0,5,3,3,1,1,1,2,1,1,1,0,0,0,1,0,0,1,0,0,1,0,0,0,1,0,23.5
94,2,2,1,4,0,0,1,1,1,1,1,0,4,3,4,1,1,4,2,1,0,1,0,0,1,0,0,1,0,0,0,0,1,0,0,1,0,22.0
95,1,1,2,4,0,1,1,1,1,1,1,0,3,1,2,1,1,1,4,0,1,1,1,0,0,0,0,0,0,0,0,1,0,1,0,1,0,17.5
96,4,3,2,1,0,1,1,1,0,1,1,0,3,3,3,1,1,4,6,0,1,1,0,0,1,0,0,0,0,0,0,0,1,1,0,1,0,25.75
97,2,1,1,2,0,0,1,0,1,1,0,1,4,3,5,1,1,5,0,1,1,1,0,0,0,0,0,0,0,0,1,0,0,0,0,1,0,15.75
98,4,4,1,1,0,0,0,1,0,1,1,0,5,3,4,1,2,1,4,1,1,1,0,0,0,0,0,0,0,0,0,0,1,0,0,1,0,19.0
99,4,3,1,3,0,1,1,0,1,1,1,0,5,3,5,1,1,3,2,1,1,1,0,0,0,0,1,0,0,0,1,0,0,0,0,1,0,19.75
100,4,4,1,1,0,1,1,1,1,1,1,0,4,5,5,5,5,4,12,1,1,1,0,0,1,0,0,0,1,0,0,0,0,0,0,1,0,18.0
101,4,4,1,3,0,0,1,1,1,1,1,1,4,4,3,1,1,4,0,1,1,1,0,0,1,0,0,0,0,1,0,0,0,0,1,0,0,28.0
102,4,4,1,1,0,0,1,1,0,1,1,0,5,3,3,1,1,5,2,1,1,1,0,0,1,0,0,0,0,0,1,0,0,1,0,1,0,30.0
103,3,2,2,2,0,1,1,0,1,1,1,0,4,3,5,1,1,2,16,1,1,1,0,0,1,0,0,0,0,0,0,1,0,0,0,1,0,15.25
104,3,4,1,2,0,0,1,1,1,1,1,0,5,4,4,1,1,1,0,1,1,0,0,0,1,0,0,0,0,0,1,0,0,0,0,1,0,23.75
105,3,3,1,4,0,1,0,0,1,1,0,0,4,3,3,1,1,4,10,1,1,0,0,0,0,0,0,1,0,0,0,0,1,0,1,0,0,15.5
106,2,2,1,4,0,1,1,0,1,1,1,0,5,1,2,1,1,3,4,1,1,1,0,0,0,0,0,0,0,0,1,0,0,0,0,1,0,19.0
107,3,3,1,3,0,0,1,1,1,1,1,0,5,3,3,1,1,5,4,1,1,1,0,0,1,0,0,0,0,0,0,1,0,0,1,0,0,27.5
108,4,4,4,4,0,0,1,1,1,1,1,1,1,3,5,3,5,1,8,0,1,1,0,0,0,0,0,0,0,0,0,1,0,0,1,0,0,14.0
109,4,4,1,3,0,0,1,1,1,1,1,1,5,4,5,1,1,4,2,1,0,1,0,1,0,0,0,1,0,0,0,0,0,0,0,1,0,27.0
110,4,4,1,1,0,0,0,1,1,1,1,0,5,5,3,1,1,4,4,1,0,0,0,0,0,1,0,0,0,1,1,0,0,0,0,1,0,24.0
111,3,3,1,3,0,1,1,1,1,1,1,0,4,1,2,1,1,2,4,0,1,1,0,0,1,0,0,0,0,0,0,0,1,0,1,0,0,24.5
112,2,2,1,2,1,1,0,1,1,1,1,0,3,1,2,1,1,5,12,1,1,1,1,0,0,0,0,0,0,0,0,1,0,0,0,1,0,19.0
113,4,2,1,1,0,0,0,0,1,1,1,0,3,5,2,1,1,3,10,1,0,1,0,0,0,1,0,0,0,0,1,0,0,0,0,1,0,14.5
114,2,1,1,2,0,0,0,1,1,1,1,1,5,4,2,1,1,5,4,0,1,1,0,1,0,0,0,0,1,0,0,0,1,0,0,1,0,19.75
115,4,4,1,2,0,0,1,1,1,1,1,0,5,4,4,1,2,5,6,1,1,1,0,0,0,1,0,0,0,1,1,0,0,0,1,0,0,28.0
116,4,4,2,2,0,0,1,1,1,1,0,0,4,4,3,1,1,2,4,1,1,1,0,0,0,0,0,0,0,1,0,0,1,0,1,0,0,26.0
117,3,3,2,1,0,0,0,1,1,1,1,0,5,4,2,1,1,5,6,1,1,1,0,0,0,0,0,0,1,0,0,1,0,0,1,0,0,23.5
118,1,3,3,2,1,0,1,1,1,1,1,0,5,2,4,1,4,5,14,0,1,1,0,0,0,0,0,0,0,0,1,0,0,0,1,0,0,21.0
119,3,4,1,1,0,0,0,0,1,1,1,0,3,4,3,1,2,4,2,1,1,1,0,0,0,0,0,0,0,0,0,0,1,0,1,0,0,14.75
120,1,2,1,2,0,0,0,0,0,1,1,0,3,2,3,1,2,1,0,1,1,1,1,0,0,0,0,0,1,0,1,0,0,0,0,1,0,6.75
121,2,2,1,4,0,0,1,1,1,1,1,0,5,5,4,1,2,5,6,1,1,1,0,0,1,0,0,0,1,0,0,1,0,0,1,0,0,23.0
122,2,4,2,2,0,0,1,1,1,1,1,1,4,2,2,1,2,5,2,1,0,1,0,0,0,0,0,1,0,0,1,0,0,0,1,0,0,26.5
123,4,4,1,1,0,0,1,1,1,1,1,0,3,4,4,1,4,5,4,1,1,1,0,1,0,0,0,0,0,0,1,0,0,0,0,1,0,24.0
124,2,2,1,2,0,0,0,0,1,1,1,1,5,4,4,1,1,5,0,1,1,1,0,0,0,0,0,0,0,0,0,1,0,0,0,1,0,14.0
125,3,4,1,1,0,1,0,0,1,1,1,0,5,5,5,3,2,5,2,1,1,1,0,0,1,0,0,0,1,0,0,1,0,0,1,0,0,13.75
126,3,4,1,2,0,1,0,1,1,1,1,1,5,3,2,1,1,1,0,1,0,0,0,0,0,0,0,0,0,0,0,1,0,0,0,1,0,20.75
127,0,1,1,2,2,0,1,0,0,0,0,0,3,4,2,1,1,5,0,1,1,1,1,0,0,0,0,0,0,0,1,0,0,0,0,0,0,10.25
128,4,4,1,1,0,0,0,1,1,1,1,0,3,5,5,2,5,4,8,0,1,1,0,0,0,1,0,0,0,1,1,0,0,0,0,1,0,15.0
129,2,3,2,3,0,0,1,0,0,1,1,1,3,2,3,2,2,1,4,1,1,1,0,0,0,0,0,0,0,0,1,0,0,0,0,1,0,13.25
130,3,4,2,3,0,0,1,0,1,1,1,1,4,2,2,2,2,5,0,0,1,1,0,0,1,0,0,0,0,1,1,0,0,0,1,0,0,21.75
131,2,1,1,2,3,0,1,1,1,0,1,1,5,4,5,1,3,5,10,1,1,1,0,0,1,0,0,0,0,0,0,0,1,0,0,1,0,14.75
132,2,1,3,1,0,0,1,0,1,1,1,0,3,2,2,1,2,5,8,1,0,0,0,0,0,0,0,0,0,0,1,0,0,0,0,1,0,16.75
133,1,1,3,1,0,0,1,1,0,1,1,1,4,3,3,1,2,4,6,1,1,1,1,0,0,0,0,0,0,0,1,0,0,0,0,1,0,19.5
134,2,2,1,1,0,0,1,0,1,1,1,1,3,4,4,1,3,5,2,1,0,1,0,0,0,0,0,0,0,0,1,0,0,0,1,0,0,15.0
135,3,4,1,1,0,0,0,0,1,1,1,0,3,2,1,1,4,5,12,1,1,0,0,0,1,0,0,0,0,0,1,0,0,0,1,0,0,15.75
136,2,1,4,1,0,0,0,0,1,1,0,0,3,2,1,1,1,2,4,1,1,1,1,0,0,0,0,0,0,0,1,0,0,0,0,1,0,10.75
137,2,2,1,1,1,0,0,0,1,1,0,0,5,3,4,1,1,5,12,1,1,0,0,0,0,0,0,0,0,0,0,1,0,0,0,1,0,14.0
138,3,4,4,2,0,0,1,0,1,1,0,1,5,3,3,1,1,5,2,0,1,1,1,0,0,0,0,0,0,1,1,0,0,0,0,1,0,23.75
139,4,4,1,3,0,0,1,1,1,1,1,1,4,3,3,1,1,5,4,1,1,1,0,0,1,0,1,0,0,0,1,0,0,0,0,1,0,29.0
140,3,4,3,2,0,0,0,0,1,1,0,0,5,4,5,2,4,5,2,0,1,1,1,0,0,0,0,0,0,0,1,0,0,0,0,1,0,12.75
141,1,1,4,2,0,0,1,0,1,1,0,0,5,1,3,1,1,3,0,0,1,1,1,0,0,0,0,0,0,0,1,0,0,0,0,1,0,15.5
142,3,1,2,1,0,0,0,1,1,1,1,1,3,3,4,4,5,4,2,1,0,1,0,0,1,0,0,0,1,0,1,0,0,0,0,1,0,9.0
143,3,2,1,3,0,0,1,1,0,1,1,1,4,3,3,5,1,5,10,1,1,0,0,0,0,0,0,0,1,0,1,0,0,0,0,0,0,21.25
144,1,1,2,1,0,0,1,1,1,1,0,1,3,3,3,1,2,1,8,0,1,1,0,0,0,0,0,0,1,0,0,0,1,0,0,1,0,15.5
145,3,3,2,1,0,0,1,1,0,1,1,1,4,3,2,1,1,5,4,1,1,0,0,0,0,0,0,0,0,0,1,0,0,0,0,0,0,27.5
146,1,1,1,2,2,0,0,0,1,1,0,1,4,4,4,1,3,5,0,1,0,1,0,0,1,0,0,0,0,0,1,0,0,0,0,1,0,8.5
147,4,4,2,1,0,0,0,1,1,1,1,0,4,3,2,1,1,5,6,1,1,1,0,0,0,1,0,0,0,1,1,0,0,0,0,1,0,25.0
148,1,1,3,1,1,0,0,1,1,1,1,1,5,5,5,1,1,1,2,0,1,1,0,0,0,0,0,0,0,0,1,0,0,0,0,1,0,11.5
149,4,3,2,4,0,1,1,0,1,1,1,0,2,2,2,1,1,3,6,1,1,1,0,0,0,1,0,0,1,0,1,0,0,0,1,0,0,19.75
150,3,3,1,2,0,0,0,0,0,1,0,1,1,3,2,2,3,1,24,1,1,0,0,0,1,0,0,0,1,0,0,1,0,0,0,1,0,7.5
151,4,4,1,3,0,0,1,1,1,1,1,0,5,3,3,1,3,5,0,1,1,1,0,0,1,0,0,0,1,0,1,0,0,0,0,1,0,28.0
152,2,2,2,1,0,0,1,1,1,1,1,0,2,3,3,2,2,2,4,1,0,1,0,0,1,0,0,0,1,0,0,0,1,0,1,0,0,17.0
153,4,4,1,3,0,0,1,1,1,1,1,0,4,2,2,1,1,5,2,1,1,1,0,0,0,1,0,0,1,0,1,0,0,0,0,1,0,30.0
154,1,1,1,1,0,0,0,0,1,1,1,0,3,4,4,3,3,1,4,1,0,1,1,0,0,0,1,0,0,0,1,0,0,0,0,1,0,1.5
155,2,1,1,1,0,0,1,0,1,1,1,0,5,4,5,1,2,5,22,1,1,1,0,0,0,0,0,0,0,0,0,1,0,0,0,1,0,15.75
156,1,1,1,2,0,0,1,0,1,1,1,0,4,4,2,1,2,5,0,1,1,1,0,0,0,0,0,0,1,0,1,0,0,0,1,0,0,16.5
157,2,1,2,1,0,0,1,1,1,0,1,1,4,4,2,1,1,5,0,1,0,0,1,0,0,0,0,0,0,0,0,1,0,0,0,1,0,18.75
158,3,2,1,2,1,0,1,0,1,1,1,0,3,3,2,1,1,3,2,1,1,1,0,1,0,0,0,0,1,0,0,1,0,0,1,0,0,18.25
159,1,2,1,2,0,0,1,0,0,1,1,0,4,3,2,1,1,5,6,1,1,1,1,0,0,0,0,0,0,0,1,0,0,0,0,1,0,18.75
160,1,2,1,2,0,0,0,0,0,1,0,1,2,3,4,2,4,1,6,1,1,1,1,0,0,0,0,0,1,0,1,0,0,0,1,0,0,1.75
161,4,4,1,1,0,0,1,0,1,0,1,1,3,3,2,2,1,5,16,1,1,1,0,0,0,1,0,0,0,1,1,0,0,0,0,1,0,18.0
162,2,1,4,1,0,0,0,0,1,1,1,0,4,5,5,2,5,5,0,1,0,0,0,0,1,0,0,0,0,0,1,0,0,0,0,1,0,5.75
163,1,1,1,1,2,0,0,0,1,0,1,1,2,3,5,2,5,4,0,1,0,1,0,0,0,0,0,0,0,0,1,0,0,0,0,1,0,-3.5
164,2,1,1,1,1,0,0,1,1,1,0,1,4,4,4,3,5,5,6,1,0,1,1,0,0,0,0,0,0,0,1,0,0,0,0,1,0,10.75
165,3,3,2,3,0,0,1,1,1,1,1,1,4,2,1,2,3,3,2,0,1,1,0,0,1,0,0,0,1,0,0,0,1,1,0,0,0,23.5
166,3,2,1,1,0,0,1,0,1,0,1,1,4,5,4,1,1,4,6,1,1,1,0,0,1,0,1,0,0,0,0,1,0,0,0,1,0,13.25
167,4,4,1,1,0,1,1,0,1,1,0,1,4,2,1,1,1,4,0,1,1,1,0,0,0,0,0,0,0,1,1,0,0,0,0,1,0,25.0
168,2,3,1,2,0,1,0,1,1,1,0,0,4,4,4,1,1,1,0,0,1,1,1,0,0,0,0,0,1,0,1,0,0,1,0,1,0,15.25
169,1,2,1,1,3,0,0,0,1,1,0,0,2,2,2,3,3,5,14,0,0,1,0,0,0,0,0,0,0,0,0,0,1,0,0,1,0,7.75
170,1,1,3,1,3,0,1,1,0,1,0,0,5,2,5,1,5,4,6,0,1,1,1,0,0,0,0,0,0,0,1,0,0,0,0,1,0,15.5
171,2,2,3,1,0,0,0,0,0,1,0,0,4,2,2,1,2,3,4,0,1,1,1,0,0,0,0,0,0,0,1,0,0,0,0,1,0,12.0
172,3,3,1,2,1,0,1,0,1,1,1,1,4,5,5,4,4,5,0,1,1,1,0,0,0,0,0,0,1,0,1,0,0,0,1,0,0,13.5
173,1,2,2,1,2,0,0,0,0,1,1,0,4,4,5,3,5,5,0,1,0,1,0,1,0,0,0,0,1,0,1,0,0,0,0,1,0,4.75
174,2,1,2,1,1,0,0,1,1,0,1,1,3,3,2,2,2,5,8,0,0,1,1,0,0,0,0,0,0,0,1,0,0,1,0,1,0,10.75
175,3,2,2,2,2,1,1,0,1,1,1,1,4,4,4,1,4,3,4,0,1,1,0,0,0,0,0,0,0,0,1,0,0,0,0,1,0,14.25
176,1,2,2,1,0,0,0,1,1,1,0,0,4,4,4,2,4,5,2,1,0,1,0,0,0,0,0,0,0,0,1,0,0,0,0,1,0,12.75
177,1,3,1,1,1,0,0,0,1,0,1,0,5,3,3,1,4,2,2,1,1,1,1,0,0,0,0,0,1,0,1,0,0,0,1,0,0,4.0
178,1,1,4,2,0,0,0,1,1,0,0,1,5,3,5,1,5,5,0,0,0,1,0,0,0,0,0,0,1,0,1,0,0,0,0,1,0,6.5
179,3,2,2,1,3,0,1,1,0,0,0,0,4,5,2,1,1,2,10,1,1,1,0,0,1,0,0,0,1,0,1,0,0,0,0,1,0,18.25
180,2,2,1,2,0,0,0,0,1,0,1,0,4,3,5,2,4,4,0,1,1,1,0,0,0,0,0,0,0,0,1,0,0,0,1,0,0,2.0
181,4,2,1,2,0,0,0,0,1,1,1,1,4,2,3,1,1,3,0,1,1,1,0,1,0,0,0,0,1,0,0,1,0,0,1,0,0,14.5
182,2,2,1,2,0,0,1,0,0,1,1,0,5,1,5,1,1,4,0,1,1,1,0,0,0,0,0,0,0,0,0,1,0,0,0,1,0,17.0
183,4,4,1,2,0,0,1,0,1,1,1,1,4,4,2,1,1,3,0,1,1,1,0,1,0,0,0,1,0,0,0,0,1,0,0,1,0,23.0
184,3,4,3,1,1,0,1,1,0,1,1,0,3,4,5,2,4,2,4,1,1,1,0,0,0,0,0,0,0,0,1,0,0,0,1,0,0,17.75
185,1,0,2,2,0,0,1,1,1,1,1,1,4,3,2,1,1,3,0,1,1,1,0,0,0,0,0,0,0,0,0,0,1,0,0,1,0,19.25
186,4,4,1,2,0,0,1,1,1,1,1,0,4,4,4,1,3,5,0,1,0,1,0,0,0,1,0,0,0,0,0,0,1,0,0,1,0,26.0
187,1,3,1,2,0,0,0,1,0,1,1,1,4,3,5,1,1,3,0,1,1,1,1,0,0,0,0,0,1,0,0,1,0,0,0,1,0,15.0
188,3,3,2,2,0,0,1,1,1,1,1,0,4,4,5,1,1,4,0,1,0,1,0,0,0,0,0,0,0,0,0,0,1,0,0,1,0,23.5
189,4,3,2,2,0,0,0,1,1,1,1,0,4,4,4,4,4,4,0,1,0,1,0,0,0,1,0,0,0,0,1,0,0,0,0,1,0,14.75
190,2,2,2,2,0,0,0,1,0,1,1,0,3,4,4,1,4,5,0,1,1,1,0,0,1,0,0,0,0,0,0,0,1,0,0,1,0,14.0
191,3,3,1,2,0,0,0,1,0,1,1,0,4,3,4,1,4,4,4,1,1,1,0,0,0,0,0,0,0,0,0,0,1,0,1,0,0,16.5
192,4,2,1,1,0,0,1,1,1,1,1,1,4,3,3,3,4,3,8,0,1,1,0,0,0,1,0,0,1,0,0,0,0,0,0,1,0,19.5
193,4,3,1,2,0,0,1,1,1,1,1,1,5,2,3,1,1,2,4,1,1,1,0,0,0,0,0,0,0,0,1,0,0,1,0,1,0,25.75
194,4,3,1,2,0,0,1,1,1,1,1,0,3,4,3,2,3,3,4,1,1,1,0,0,0,1,0,0,0,0,0,1,0,1,0,1,0,21.75
195,3,3,1,2,0,0,0,1,1,1,1,1,4,2,3,1,2,3,0,1,1,1,0,0,1,0,0,0,0,0,0,1,0,0,0,1,0,18.5
196,2,4,1,2,0,0,1,1,1,1,0,0,5,4,2,2,3,5,0,1,1,1,0,0,1,0,0,0,1,0,0,0,1,0,1,0,0,25.5
197,3,3,1,2,0,0,1,1,1,1,1,1,5,3,3,2,3,1,32,1,0,1,0,0,0,0,0,0,0,0,0,0,1,0,0,1,0,20.5
198,3,2,1,2,0,0,1,0,1,1,1,0,1,2,2,1,2,1,8,1,1,1,0,0,0,0,0,0,0,0,0,0,1,0,0,1,0,13.25
199,3,3,1,2,0,0,1,1,1,1,1,1,4,3,4,2,3,4,6,1,1,1,0,0,1,0,0,0,1,0,0,0,0,0,0,1,0,21.5
200,1,2,1,1,0,0,1,1,1,1,1,1,3,3,3,1,2,3,0,1,1,1,0,0,1,0,0,0,1,0,0,0,0,0,0,1,0,18.75
201,2,1,1,2,0,0,0,1,1,1,1,1,4,2,3,1,2,5,0,1,0,1,0,0,0,0,0,0,0,0,1,0,0,0,0,1,0,16.75
202,3,3,1,2,0,0,1,0,0,1,1,1,3,3,3,1,3,3,10,1,1,0,0,1,0,0,0,0,0,0,0,0,1,0,0,1,0,16.5
203,1,2,1,2,0,0,0,0,1,1,0,0,3,1,3,1,5,3,6,0,1,1,1,0,0,0,0,0,0,0,0,1,0,0,0,1,0,5.75
204,2,3,1,2,0,0,0,0,1,1,1,0,4,3,3,1,1,2,6,1,1,1,0,0,1,0,0,0,1,0,1,0,0,0,0,1,0,12.25
205,1,1,1,2,0,0,0,1,1,1,1,0,5,3,3,1,1,3,0,1,1,1,1,0,0,0,0,0,1,0,1,0,0,0,0,1,0,15.5
206,1,2,2,2,0,0,0,1,0,1,1,0,4,4,4,4,5,5,16,1,1,1,1,0,0,0,0,0,1,0,0,0,0,0,0,0,0,9.75
207,3,3,1,1,0,0,1,1,1,1,1,0,4,3,2,3,4,5,0,0,1,1,0,0,1,0,0,0,1,0,0,0,1,0,0,1,0,22.5
208,2,3,2,1,0,0,0,0,1,1,1,0,5,3,3,1,1,3,0,1,1,1,0,0,0,0,0,0,0,0,0,1,0,0,1,0,0,14.25
209,2,4,1,2,0,0,0,1,1,1,1,1,4,3,2,1,1,5,8,1,0,1,0,0,1,0,0,0,1,0,1,0,0,0,1,0,0,22.5
210,4,4,1,1,0,0,0,0,1,1,1,0,5,2,3,1,2,5,4,1,1,1,0,0,1,0,0,0,0,1,0,1,0,0,0,1,0,19.0
211,3,3,3,1,0,0,1,1,1,1,1,0,3,3,4,3,5,3,16,0,0,1,0,0,0,1,0,0,0,0,0,1,0,0,1,0,0,16.5
212,4,4,2,1,1,0,1,0,1,1,1,0,4,2,4,2,3,2,30,1,1,1,0,0,1,0,0,0,0,1,0,1,0,0,0,1,0,17.0
213,4,4,1,2,0,0,1,0,1,1,1,0,4,5,2,1,2,3,0,1,0,1,0,0,0,1,0,0,0,1,0,0,1,0,0,1,0,22.0
214,4,3,1,2,0,0,1,1,1,1,1,0,4,3,5,1,5,2,2,1,1,1,0,1,0,0,0,0,0,0,0,1,0,0,0,1,0,18.75
215,2,3,1,2,0,1,1,1,1,1,0,0,4,4,3,1,3,4,4,1,1,1,0,0,0,0,0,0,0,0,0,0,1,0,0,1,0,22.25
216,1,1,1,2,0,0,1,0,0,1,0,0,4,4,4,1,3,1,0,1,1,1,0,0,0,0,0,0,0,0,1,0,0,0,0,1,0,9.5
217,2,2,1,1,0,0,1,0,1,1,1,0,5,3,2,1,2,3,21,0,1,1,0,0,0,0,0,0,0,0,0,0,1,0,0,1,0,18.0
218,2,2,2,4,0,0,1,1,0,1,1,0,5,3,5,1,1,5,6,0,1,1,0,0,1,0,0,0,1,0,0,0,1,0,0,1,0,23.0
219,3,4,1,3,1,0,1,0,1,1,1,1,4,4,3,3,4,5,14,1,1,1,1,0,0,0,0,0,1,0,0,1,0,1,0,1,0,17.75
220,3,1,1,2,0,0,1,0,1,1,1,0,2,3,3,2,2,4,2,1,1,0,0,0,1,0,0,0,0,0,1,0,0,0,0,1,0,14.0
221,4,3,1,2,0,0,0,1,1,1,1,1,1,3,2,1,1,1,4,1,1,1,0,0,0,1,0,0,0,0,0,0,0,0,0,1,0,16.75
222,1,1,2,1,0,0,1,0,1,1,0,0,4,3,2,1,4,5,2,1,1,1,1,0,0,0,0,0,0,0,0,1,0,0,0,1,0,14.5
223,4,3,2,3,0,0,1,1,1,1,1,1,4,4,2,1,1,4,0,0,1,1,0,0,0,1,0,0,0,0,0,0,1,0,0,1,0,27.75
224,3,3,1,4,0,0,1,1,1,1,1,0,4,3,3,1,2,3,4,1,1,1,0,0,0,0,0,0,0,0,0,0,1,0,0,0,0,23.5
225,4,4,1,2,0,0,1,0,1,1,1,1,5,3,5,4,5,3,15,1,0,1,0,0,1,0,0,0,0,0,0,1,0,0,0,1,0,14.0
226,2,2,1,2,0,1,1,0,1,1,1,0,3,3,4,1,1,4,0,1,1,0,0,0,0,0,0,0,0,0,0,0,1,0,0,1,0,16.0
227,2,2,1,2,0,0,1,1,1,1,1,0,4,4,4,2,4,5,10,1,1,1,0,0,1,0,0,0,0,0,0,1,0,0,0,1,0,19.0
228,4,4,1,1,0,0,1,0,1,1,0,0,5,2,1,1,2,3,6,0,0,1,0,0,1,0,0,0,0,0,0,0,0,0,0,1,0,24.0
229,3,2,2,2,0,0,0,0,1,1,1,0,4,4,4,1,3,1,2,1,0,1,0,0,0,0,0,0,0,0,0,0,1,0,0,1,0,8.25
230,4,3,1,2,0,0,0,0,1,1,1,1,3,4,5,2,4,1,16,1,1,1,0,0,0,0,0,0,0,0,0,0,1,0,0,1,0,6.75
231,3,3,1,2,0,0,1,0,1,1,1,0,3,2,4,2,4,4,10,1,0,1,0,0,1,0,0,1,0,0,0,1,0,0,1,0,0,14.5
232,2,3,2,1,0,0,1,0,1,1,0,0,3,3,3,1,4,3,4,1,1,1,1,0,0,0,0,0,0,0,0,1,0,0,1,0,0,14.25
233,2,2,1,3,0,0,1,1,1,1,1,0,4,3,3,1,1,4,0,1,1,1,1,0,0,0,1,0,0,0,1,0,0,0,0,1,0,23.0
234,2,1,2,2,0,0,1,1,1,1,1,0,4,2,5,1,2,5,0,0,1,1,1,0,0,0,0,0,1,0,0,0,1,0,0,1,0,19.75
235,1,1,1,3,0,0,1,1,1,1,0,1,4,3,4,1,1,5,12,1,1,1,1,0,0,0,0,0,0,0,0,0,1,0,0,1,0,20.5
236,2,3,1,2,0,1,0,0,1,1,1,0,2,3,1,1,1,3,0,1,1,1,0,0,1,0,0,0,0,1,0,0,0,0,0,1,0,13.25
237,2,2,2,2,3,0,1,0,1,1,1,0,3,3,3,5,5,4,9,1,1,1,0,0,0,0,0,0,0,0,0,1,0,1,0,1,0,9.0
238,4,4,1,3,0,0,1,1,0,1,1,0,5,3,2,1,1,5,4,1,1,1,0,0,0,1,0,0,1,0,0,1,0,0,0,1,0,31.0
239,3,1,1,2,0,0,0,1,1,1,1,1,5,3,3,1,1,4,4,0,1,1,0,0,0,0,0,0,0,0,0,0,1,0,0,1,0,19.0
240,3,2,1,2,0,0,0,1,0,1,1,0,5,3,4,1,3,3,2,1,1,1,0,0,0,0,0,0,0,0,1,0,0,0,0,1,0,16.25
241,2,3,1,2,0,0,1,0,0,1,1,0,5,3,3,1,3,3,0,1,0,1,0,0,1,0,0,0,1,0,0,0,1,0,1,0,0,17.25
242,2,1,4,2,0,1,1,1,1,1,1,1,4,3,2,4,5,3,2,1,0,1,1,0,0,0,0,0,0,0,1,0,0,0,0,1,0,14.75
243,2,1,2,3,0,0,0,1,1,1,1,1,3,2,3,1,2,3,0,1,1,0,0,0,0,0,0,0,0,0,1,0,0,0,0,1,0,13.75
244,4,3,1,2,0,0,0,1,1,1,1,1,3,2,3,1,2,3,0,1,0,1,0,1,0,0,0,0,0,0,0,0,1,0,1,0,0,18.75
245,2,2,2,2,0,0,1,1,1,1,1,0,4,5,2,1,1,1,0,0,1,1,0,0,0,0,0,0,0,0,1,0,0,0,1,0,0,21.0
246,4,4,1,2,0,1,1,1,1,1,1,1,4,5,5,1,3,2,0,1,1,1,0,0,0,1,0,0,0,1,0,0,1,0,0,1,0,22.0
247,4,4,1,2,0,0,1,1,1,1,1,0,4,2,4,2,4,1,0,1,1,1,0,1,0,0,0,0,0,0,0,0,1,0,1,0,0,20.0
248,1,1,2,2,0,0,1,0,1,1,1,0,3,4,2,1,1,5,2,1,0,1,0,0,0,0,0,0,0,0,0,1,0,0,0,1,0,16.5
249,3,2,2,3,0,0,0,1,1,1,1,1,5,3,3,1,3,2,0,1,1,1,1,0,0,0,0,0,0,0,0,0,1,0,0,1,0,16.25
250,2,2,1,2,0,0,0,1,0,1,1,1,4,4,2,5,5,4,0,1,0,1,0,0,0,0,0,0,0,0,0,1,0,0,1,0,0,11.0
251,2,1,1,1,0,0,0,0,1,1,1,1,4,5,2,1,1,5,4,1,1,1,0,0,0,0,0,0,0,0,0,1,0,0,0,1,0,13.75
252,4,1,1,2,0,0,0,1,1,1,1,1,5,3,3,1,2,5,0,1,1,0,0,0,0,0,0,0,0,0,0,1,0,0,0,1,0,20.25
253,2,4,2,2,1,0,1,0,1,1,1,0,4,3,3,1,1,3,18,1,0,0,0,0,1,0,0,0,0,0,1,0,0,0,0,1,0,19.5
254,2,2,1,2,1,0,1,0,0,1,1,1,5,3,1,1,1,5,16,1,0,1,1,0,0,0,0,0,1,0,1,0,0,0,0,1,0,22.0
255,3,3,2,1,1,0,0,0,1,0,1,0,4,1,1,1,1,3,14,1,1,1,0,0,0,0,0,0,0,0,1,0,0,0,0,1,0,11.5
256,2,2,1,1,1,0,1,1,0,0,1,1,4,4,3,2,2,1,26,1,1,1,0,0,0,0,1,0,0,0,1,0,0,0,0,0,0,13.0
257,4,4,1,1,0,0,1,1,0,1,1,0,4,2,1,1,2,5,6,1,1,1,0,0,0,1,0,0,0,1,1,0,0,0,0,1,0,30.0
258,3,2,1,2,0,0,0,1,1,1,0,0,5,4,2,1,1,3,4,1,1,1,0,0,0,0,0,0,0,0,1,0,0,0,1,0,0,20.25
259,1,1,1,3,0,0,1,1,1,1,1,1,4,3,2,1,2,4,10,1,0,1,1,0,0,0,1,0,0,0,1,0,0,0,0,1,0,20.5
260,1,2,1,1,0,0,0,0,1,0,1,0,5,3,5,1,2,5,4,1,1,1,0,0,0,0,0,0,0,0,1,0,0,0,0,1,0,5.75
261,2,1,3,2,0,0,0,1,1,1,0,0,2,1,1,1,1,3,2,0,1,1,1,0,0,0,0,0,1,0,1,0,0,0,0,1,0,15.75
262,1,4,4,1,1,0,1,0,1,1,1,0,5,5,4,1,1,5,14,0,0,0,0,0,0,0,0,0,0,0,1,0,0,0,0,0,0,20.25
263,2,2,1,2,0,0,0,0,1,0,1,0,5,5,4,3,5,2,16,1,1,1,0,0,0,0,0,0,1,0,0,0,1,0,1,0,0,0.0
264,2,2,1,1,1,0,1,0,0,0,1,0,3,1,2,1,1,1,8,1,0,0,0,0,0,0,0,0,0,0,0,1,0,0,0,1,0,10.0
265,1,1,2,3,0,0,0,1,1,1,1,0,4,3,3,1,3,5,4,0,0,1,1,0,0,0,0,0,0,0,1,0,0,0,0,1,0,14.5
266,4,2,1,2,0,0,1,1,1,1,0,0,4,3,2,1,1,4,4,1,0,0,0,0,0,1,0,0,0,0,1,0,0,0,0,1,0,26.5
267,4,3,2,2,0,0,0,1,1,1,1,1,2,5,5,1,4,5,8,1,0,1,0,1,0,0,0,0,0,0,1,0,0,0,0,1,0,15.75
268,4,4,2,2,0,0,1,0,1,1,1,0,3,3,3,2,3,4,0,0,0,0,0,0,0,1,0,0,0,0,1,0,0,0,0,1,0,19.0
269,4,3,1,1,0,0,0,1,0,1,1,0,5,4,5,1,1,3,7,1,0,1,0,0,0,1,0,0,0,0,1,0,0,0,0,1,0,19.75
270,4,4,1,1,0,0,0,1,1,1,1,0,5,3,2,1,2,5,4,1,1,1,0,0,1,0,0,0,1,0,1,0,0,1,0,1,0,25.0
271,4,4,1,2,0,0,1,0,1,1,1,1,5,3,1,1,4,5,2,1,1,1,0,0,0,1,0,0,1,0,1,0,0,1,0,1,0,24.0
272,1,1,2,3,0,0,0,0,0,1,1,1,4,3,3,1,1,1,2,0,1,1,0,0,0,0,0,0,0,0,0,1,0,0,1,0,0,7.5
273,3,3,2,3,0,0,1,0,1,1,1,1,4,2,2,2,3,5,10,1,1,1,0,0,1,0,0,0,0,0,0,1,0,0,0,1,0,19.5
274,1,1,1,2,0,1,0,0,0,1,0,1,4,3,2,1,1,4,10,1,1,1,1,0,0,0,0,0,0,0,1,0,0,0,0,1,0,11.5
275,2,1,2,3,0,0,1,0,0,1,1,1,4,4,4,1,1,3,10,1,1,1,0,0,0,0,0,0,0,0,1,0,0,0,0,0,0,14.75
276,2,1,3,1,0,0,0,0,1,1,1,0,4,3,3,1,1,4,7,1,1,1,0,0,0,0,0,0,0,0,1,0,0,0,0,1,0,11.75
277,1,1,1,2,0,0,1,0,1,1,0,0,4,3,4,1,2,5,4,1,1,1,0,0,0,0,0,0,1,0,1,0,0,0,1,0,0,14.5
278,2,3,2,1,0,0,0,0,1,1,1,0,5,2,2,1,1,2,2,1,1,1,0,0,0,0,0,0,0,0,1,0,0,0,1,0,0,14.25
279,3,1,1,1,3,0,0,0,0,0,1,1,5,4,5,5,5,1,12,1,1,1,0,0,1,0,0,0,1,0,0,0,0,0,0,1,0,-4.0
280,3,3,1,2,0,0,1,0,1,1,1,1,4,3,3,1,3,5,8,0,0,1,0,0,0,0,0,0,1,0,1,0,0,0,0,1,0,19.5
281,0,2,1,1,0,0,0,0,0,1,1,0,4,3,2,2,4,5,0,1,1,1,0,0,0,0,0,0,0,0,0,0,0,0,0,1,0,8.5
282,3,2,2,1,0,0,0,0,1,0,1,0,4,4,5,2,4,5,8,1,1,1,0,0,1,0,0,0,0,0,1,0,0,0,0,1,0,4.25
283,3,3,3,2,1,1,1,0,0,1,1,0,5,3,3,1,3,2,4,1,1,1,1,0,0,0,0,0,0,0,0,0,1,0,0,0,0,17.5
284,2,1,1,1,2,0,0,0,0,0,1,0,3,2,5,2,5,5,4,1,1,1,0,0,1,0,0,0,1,0,0,0,0,0,0,1,0,-0.25
285,2,1,2,1,0,0,0,1,0,1,0,0,3,3,2,1,3,3,2,0,1,1,0,0,0,0,0,0,0,0,1,0,0,0,0,1,0,13.75
286,2,1,1,1,0,0,0,0,0,1,1,0,4,4,2,2,4,5,0,0,1,1,0,0,0,0,0,0,0,0,1,0,0,0,0,1,0,9.75
287,1,1,2,1,1,0,1,1,1,1,1,0,4,4,4,1,2,5,0,1,0,1,0,1,0,0,0,0,0,0,1,0,0,0,0,1,0,19.5
288,2,1,1,2,0,0,1,0,0,1,1,1,4,3,4,1,3,5,2,1,0,0,0,0,0,0,0,0,0,0,1,0,0,0,0,1,0,14.75
289,4,2,1,4,0,0,1,1,1,1,1,0,4,2,3,1,1,4,2,1,0,1,0,0,0,1,0,0,1,0,0,0,1,0,0,1,0,25.5
290,2,2,1,2,0,0,1,0,1,1,1,0,4,3,3,1,1,5,0,1,1,1,0,0,1,0,0,0,1,0,0,1,0,0,0,1,0,19.0
291,2,1,3,2,1,0,0,1,0,0,1,0,4,4,5,4,4,5,4,1,0,1,0,0,1,0,0,0,0,0,1,0,0,0,0,1,0,4.75
292,4,2,1,3,0,0,1,1,1,1,1,0,4,3,4,1,3,5,2,0,1,1,0,0,0,0,0,0,0,0,1,0,0,0,0,1,0,23.5
293,1,1,1,3,0,0,1,0,0,1,0,0,4,4,3,2,3,3,4,1,0,1,0,0,0,0,1,0,0,0,0,1,0,0,0,1,0,11.5
294,2,2,1,2,0,1,0,0,1,1,0,0,3,2,3,1,1,5,4,0,1,1,0,0,0,0,0,0,0,0,0,1,0,0,0,1,0,13.0
295,4,3,1,2,0,0,1,0,1,1,1,0,4,3,1,1,1,1,4,1,0,0,0,0,1,0,1,0,0,0,0,0,1,0,0,1,0,20.75
296,2,1,1,2,0,0,0,1,1,1,1,0,5,2,4,1,2,4,2,1,1,1,0,0,0,0,0,0,0,0,0,1,0,0,0,1,0,15.75
297,2,2,2,1,0,0,0,0,0,0,0,0,5,2,2,1,1,4,0,0,1,1,0,0,0,0,0,0,1,0,0,0,0,0,0,1,0,10.0
298,2,2,1,4,0,0,0,1,1,1,1,1,3,4,1,1,1,2,2,1,0,1,0,0,1,0,0,0,1,0,1,0,0,0,1,0,0,17.0
299,2,1,2,2,0,0,1,1,1,0,1,1,1,2,3,1,2,2,8,0,1,1,0,0,0,0,0,0,0,0,1,0,0,1,0,0,0,10.75
300,4,3,1,2,0,0,1,0,1,1,1,1,3,1,2,1,3,2,2,1,1,1,0,0,1,0,0,0,0,0,0,1,0,0,1,0,0,17.75
301,4,3,1,2,0,0,1,0,0,1,1,0,4,3,2,1,1,3,2,1,1,1,0,0,0,1,0,0,0,0,1,0,0,0,0,1,0,21.75
302,3,2,1,3,0,0,0,1,0,1,0,0,5,3,2,1,1,3,2,0,1,1,0,0,0,0,0,0,0,0,1,0,0,0,0,1,0,20.25
303,3,3,1,3,0,0,0,1,0,1,0,0,3,2,3,1,1,4,2,1,1,1,0,0,0,0,0,0,0,0,0,1,0,0,0,1,0,19.5
304,2,2,1,3,0,0,1,1,1,1,1,1,4,3,3,1,1,3,0,1,1,1,1,0,0,0,0,0,1,0,0,1,0,0,0,1,0,22.0
305,2,2,2,1,0,0,0,0,1,0,1,0,4,4,4,2,3,4,8,1,1,1,0,0,0,0,0,0,0,0,0,1,0,0,1,0,0,4.0
306,3,4,2,2,0,0,1,1,1,1,1,0,4,2,5,3,4,1,6,0,0,0,0,0,0,0,0,0,0,0,0,0,1,0,0,1,0,16.75
307,3,1,1,2,0,0,0,1,1,1,1,1,5,4,4,3,4,5,0,1,1,1,0,0,1,0,0,0,0,0,0,0,0,0,0,1,0,14.0
308,4,4,2,2,0,0,0,1,1,1,1,0,4,3,4,2,2,4,8,0,1,1,0,0,0,1,0,0,0,0,0,0,1,0,0,1,0,20.0
309,4,2,1,2,0,0,1,1,1,1,1,1,5,4,5,1,3,5,4,1,1,1,0,1,0,0,0,0,0,0,0,0,1,0,1,0,0,23.5
310,2,1,2,2,0,0,1,0,1,0,1,1,4,3,5,1,2,3,12,0,1,1,0,0,0,0,0,0,0,0,0,0,1,0,0,1,0,7.75
311,3,3,1,2,0,0,1,1,1,1,1,0,4,3,5,3,3,5,16,1,1,1,0,0,0,0,0,0,1,0,0,1,0,0,0,0,0,20.5
312,2,3,1,4,0,0,1,1,1,1,1,1,4,5,5,1,3,2,10,1,1,1,0,0,0,0,0,0,1,0,0,0,1,0,1,0,0,18.25
313,1,1,2,2,0,0,1,0,0,1,0,0,4,4,3,1,1,3,2,1,0,1,0,0,0,0,0,0,0,0,0,1,0,0,0,1,0,14.5
314,1,2,1,2,0,0,1,1,0,1,0,1,3,5,2,2,2,1,2,0,1,1,1,0,0,0,1,0,0,0,0,1,0,0,0,1,0,16.75
315,2,1,1,2,0,0,1,0,1,1,1,1,4,2,5,1,2,1,8,1,1,1,0,0,0,0,0,0,0,0,0,1,0,0,0,1,0,10.75
316,2,4,2,2,0,0,1,0,1,1,1,1,4,3,3,1,1,1,6,1,1,1,1,0,0,0,0,1,0,0,0,0,1,0,0,1,0,17.5
317,2,2,2,2,0,1,1,0,1,1,1,1,4,4,4,2,3,5,6,1,0,1,0,0,1,0,0,0,0,0,1,0,0,0,0,1,0,15.0
318,3,2,2,2,0,0,0,0,0,0,1,1,4,1,1,1,1,5,15,0,1,0,0,0,0,0,0,0,1,0,0,1,0,0,0,1,0,12.25
319,4,4,2,1,0,0,0,1,1,1,1,0,3,2,4,1,4,3,6,1,1,1,0,0,0,1,0,0,1,0,0,1,0,0,0,1,0,17.0
320,4,4,1,2,1,1,1,1,1,1,1,1,2,4,4,1,1,4,2,1,1,1,0,1,0,0,0,1,0,0,0,0,1,0,1,0,0,25.0
321,2,2,3,3,0,0,1,0,1,1,1,1,4,2,3,1,1,1,8,1,1,1,0,0,0,0,0,0,1,0,0,0,1,0,1,0,0,15.0
322,3,2,1,2,1,1,1,0,1,0,1,0,3,3,3,4,3,3,0,0,1,1,0,0,1,0,0,0,1,0,0,0,1,0,1,0,0,7.25
323,4,3,2,1,0,0,0,1,1,1,1,0,4,2,3,1,2,1,0,1,0,1,0,0,0,1,0,0,1,0,1,0,0,0,0,1,0,17.75
324,1,2,2,1,0,0,0,0,0,0,1,0,3,4,4,2,4,4,10,1,1,1,1,0,0,0,0,0,0,0,0,1,0,0,0,0,0,0.75
325,4,1,2,1,0,0,0,1,1,1,1,1,4,5,4,2,4,5,22,1,0,0,0,0,1,0,0,0,0,0,0,1,0,0,0,1,0,15.25
326,3,2,1,1,0,0,0,0,1,1,1,0,4,4,4,3,4,3,18,1,0,0,0,0,0,1,0,0,1,0,0,1,0,0,0,1,0,7.25
327,1,1,2,4,0,0,1,1,1,1,0,0,5,2,2,1,1,3,2,0,0,1,1,0,0,0,0,0,0,0,0,0,1,0,0,1,0,21.5
328,1,1,2,2,0,1,0,1,1,1,1,0,5,4,4,1,1,4,0,1,1,1,0,0,0,0,0,0,0,0,0,1,0,0,0,1,0,15.5
329,2,2,1,2,0,0,1,0,0,1,1,0,5,4,5,1,2,5,12,1,1,1,0,0,0,0,0,0,0,0,1,0,0,0,0,1,0,17.0
330,2,1,2,2,0,0,0,1,1,1,1,1,4,3,1,1,1,5,10,1,1,1,0,0,0,0,0,0,0,0,0,0,1,0,0,1,0,19.75
331,1,1,1,2,0,0,0,0,0,1,1,0,4,3,3,1,2,4,0,1,1,1,0,0,0,0,0,0,0,0,0,0,1,0,1,0,0,9.5
332,2,2,1,3,0,0,1,0,1,1,1,0,4,3,3,1,2,2,0,1,1,1,1,0,0,0,1,0,0,0,0,0,0,0,0,1,0,15.0
333,1,1,1,3,0,0,1,0,1,1,1,0,4,3,3,1,1,3,0,1,1,1,0,0,1,0,0,0,0,1,0,0,1,0,0,1,0,14.5
334,2,1,1,3,0,0,0,1,1,1,1,0,4,2,4,1,3,2,0,1,1,1,0,0,1,0,0,0,1,0,0,0,1,0,0,1,0,11.75
335,4,4,1,2,0,0,1,1,1,1,1,0,5,4,3,1,1,2,0,1,0,0,0,0,0,1,0,0,0,1,0,0,1,0,0,1,0,27.0
336,4,2,1,2,0,0,1,1,1,1,1,1,4,3,2,1,4,5,2,1,1,1,0,0,0,1,0,0,0,0,0,1,0,0,0,1,0,24.5
337,4,3,1,3,0,0,1,0,1,1,1,0,4,2,2,1,2,3,0,1,1,1,0,1,0,0,0,0,1,0,0,0,1,0,0,1,0,20.75
338,3,1,2,4,0,0,1,0,1,1,0,0,3,1,2,1,1,3,0,0,0,1,0,0,1,0,0,0,0,0,0,0,1,0,0,1,0,17.0
339,3,2,2,3,0,0,1,1,1,1,1,0,5,4,2,1,1,4,0,0,0,1,0,0,1,0,0,0,0,0,0,0,1,0,0,1,0,26.25
340,3,3,1,1,0,0,1,0,1,1,1,0,4,4,3,1,3,5,0,1,1,1,0,1,0,0,0,0,0,0,0,1,0,0,0,1,0,19.5
341,4,4,2,2,0,0,1,1,1,1,1,0,2,3,4,2,3,2,2,1,1,1,0,1,0,0,0,0,0,0,0,0,1,0,0,0,0,20.0
342,4,3,2,2,0,0,1,0,1,1,1,1,4,4,5,1,2,2,0,1,0,1,0,0,0,0,0,0,0,0,0,1,0,0,0,0,0,16.75
343,4,3,1,4,0,0,1,0,1,1,1,0,4,3,3,1,1,3,0,1,1,1,0,0,0,0,0,0,0,0,0,0,1,0,1,0,0,20.75
344,4,4,1,1,0,0,1,0,1,1,1,1,1,4,2,2,2,1,0,1,0,1,0,0,0,1,0,0,0,1,0,1,0,0,0,1,0,16.0
345,4,4,1,2,0,0,1,0,1,1,1,1,4,2,4,1,1,4,0,1,0,0,0,1,0,0,0,0,0,0,0,1,0,1,0,1,0,22.0
346,4,4,2,1,0,0,0,0,1,1,1,0,4,1,1,2,2,5,0,1,0,1,0,0,0,0,0,0,0,1,0,1,0,0,1,0,0,19.0
347,4,4,2,3,0,0,1,1,1,1,1,0,5,3,4,1,1,5,0,0,1,1,0,0,1,0,0,0,1,0,0,0,1,0,0,1,0,29.0
348,4,2,2,3,0,0,1,0,1,1,1,0,4,3,3,1,1,3,0,1,1,1,0,0,0,0,0,0,0,0,0,0,1,0,0,1,0,19.5
349,3,2,1,4,0,0,1,1,0,1,1,0,5,2,2,1,2,5,0,1,1,1,0,1,0,0,0,1,0,0,0,0,1,0,1,0,0,26.25
350,2,1,2,3,1,0,0,1,1,1,1,1,4,3,1,1,1,5,0,0,0,1,1,0,0,0,0,0,1,0,1,0,0,0,0,1,0,19.75
351,3,2,1,1,2,0,0,1,1,1,0,0,5,5,3,1,1,5,0,1,1,0,0,0,1,0,0,0,0,0,1,0,0,0,0,0,0,21.25
352,3,3,1,2,0,0,0,1,1,1,0,1,4,5,3,1,2,5,0,0,1,1,0,0,0,0,0,0,1,0,0,0,1,0,1,0,0,20.5
353,1,4,1,2,0,1,1,0,0,1,0,1,3,4,4,1,2,5,2,1,1,1,0,0,0,0,0,0,0,1,0,1,0,0,0,1,0,17.25
354,2,1,2,2,0,0,1,1,1,1,1,0,5,3,3,1,2,1,2,1,1,1,0,0,1,0,0,0,0,0,1,0,0,0,0,1,0,18.75
355,2,3,2,2,0,0,0,1,1,1,1,1,4,2,1,1,1,3,2,1,1,1,0,0,0,0,0,0,0,0,1,0,0,0,1,0,0,20.25
356,4,4,1,1,0,0,0,1,1,1,1,0,4,4,4,1,1,5,2,0,1,1,0,0,0,1,0,0,0,1,1,0,0,0,0,1,0,23.0
357,4,3,1,3,0,0,1,1,1,1,1,1,4,3,4,1,1,5,2,1,1,1,0,0,0,0,0,0,0,0,1,0,0,0,0,1,0,26.75
358,4,3,2,1,0,0,1,0,1,1,1,0,3,2,4,1,4,1,8,1,0,1,0,1,0,0,0,0,1,0,1,0,0,0,0,1,0,13.75
359,3,4,1,3,0,0,1,1,0,1,1,0,4,3,4,2,5,5,2,0,1,1,1,0,0,0,0,0,1,0,1,0,0,0,1,0,0,21.75
360,3,3,1,2,0,0,1,0,1,1,1,0,4,1,4,1,1,3,8,1,1,1,1,0,0,0,0,0,0,0,1,0,0,0,1,0,0,18.5
361,4,2,2,2,0,0,1,1,1,1,1,1,5,4,4,1,1,1,9,1,1,1,0,1,0,0,0,0,0,0,1,0,0,0,0,1,0,22.5
362,4,4,1,2,0,0,1,0,1,1,1,0,4,4,4,3,3,5,0,1,1,1,0,0,0,1,0,0,0,0,1,0,0,0,0,1,0,19.0
363,3,4,1,1,0,0,1,1,1,1,1,1,5,4,4,1,1,1,4,1,1,1,0,0,0,0,0,0,0,0,1,0,0,0,0,1,0,23.75
364,4,4,1,1,0,0,0,1,1,1,1,0,5,3,4,1,2,5,2,1,1,1,0,1,0,0,0,1,0,0,1,0,0,0,0,1,0,23.0
365,4,3,1,2,0,0,1,0,1,1,1,1,5,2,2,1,2,5,14,1,1,0,0,0,1,0,0,0,1,0,1,0,0,0,0,1,0,23.75
366,3,3,1,2,0,1,1,0,1,1,1,0,5,3,3,1,1,5,0,1,0,0,0,0,1,0,0,0,0,0,0,1,0,0,0,1,0,22.5
367,2,1,1,2,0,0,0,1,1,1,1,0,4,2,3,2,2,2,2,1,0,1,0,0,0,0,0,0,0,0,0,1,0,0,1,0,0,12.75
368,4,4,1,1,0,0,1,0,1,1,1,0,4,2,5,3,4,5,2,1,0,1,0,0,0,0,0,0,0,0,0,0,1,0,1,0,0,17.0
369,1,1,3,3,0,0,0,1,1,0,0,1,1,5,5,4,3,5,12,1,1,1,0,0,0,0,0,0,0,0,1,0,0,0,0,0,0,1.5
370,1,1,3,2,2,0,1,0,0,1,1,1,5,3,4,1,1,4,2,1,0,0,0,0,0,0,0,0,0,0,1,0,0,0,0,0,0,15.5
371,2,2,1,1,0,0,1,1,1,1,1,1,4,3,5,2,4,5,2,1,1,1,0,0,0,0,0,0,0,0,1,0,0,0,0,1,0,18.0
372,2,2,1,2,0,0,1,0,1,1,0,1,4,2,2,1,1,3,4,1,1,1,0,0,0,0,0,0,0,0,1,0,0,0,0,1,0,18.0
373,2,2,1,3,0,0,1,1,1,1,1,0,3,3,2,2,2,3,0,0,0,1,0,0,1,0,0,0,1,0,1,0,0,0,0,1,0,20.0
374,3,1,1,3,0,0,1,0,0,1,1,0,3,4,3,2,3,5,0,1,1,1,0,0,1,0,0,0,1,0,1,0,0,0,1,0,0,15.0
375,0,2,2,3,0,0,0,0,1,1,1,0,3,3,3,2,3,2,0,1,0,1,1,0,0,0,1,0,0,0,0,1,0,0,1,0,0,4.5
376,1,1,2,3,0,0,0,1,1,1,1,0,4,5,5,1,2,2,0,1,1,1,0,0,0,0,0,0,0,0,0,1,0,0,0,1,0,10.5
377,4,4,1,3,0,0,0,1,1,1,1,0,4,3,3,2,2,3,0,1,1,1,0,0,0,0,0,0,0,0,1,0,0,0,0,1,0,20.0
378,3,3,1,1,0,0,0,1,0,1,1,0,4,3,5,3,5,5,0,1,1,1,0,0,0,0,0,0,1,0,0,0,1,0,0,1,0,13.5
379,2,2,4,1,0,0,1,0,1,1,1,0,4,4,5,5,5,4,2,0,1,1,0,0,1,0,0,0,0,0,1,0,0,0,0,1,0,8.0
380,4,4,1,3,0,0,1,1,1,1,1,0,5,4,4,1,3,4,0,1,1,1,0,0,0,1,0,0,1,0,1,0,0,0,0,1,0,26.0
381,4,4,2,3,0,0,1,0,0,1,1,1,4,3,3,1,2,4,4,1,1,1,0,0,0,1,0,0,0,1,1,0,0,0,0,1,0,22.0
382,3,3,1,1,0,0,1,1,1,1,1,0,4,2,5,2,5,5,2,1,1,1,1,0,0,0,0,0,0,0,1,0,0,1,0,1,0,19.5
383,2,2,1,4,0,0,1,1,1,1,1,0,4,5,5,2,4,5,0,1,0,1,0,0,0,0,0,0,0,0,1,0,0,1,0,1,0,18.0
384,3,2,1,1,0,0,1,0,0,1,0,1,5,3,4,2,2,5,0,0,1,1,1,0,0,0,0,0,1,0,0,1,0,0,0,0,0,18.25
385,2,2,4,2,0,0,0,1,1,1,0,1,4,2,5,1,1,2,2,1,1,1,1,0,0,0,0,0,0,0,1,0,0,0,0,1,0,14.0
386,2,4,1,3,0,0,1,0,1,1,1,1,4,4,3,1,1,5,0,0,1,1,1,0,0,0,0,0,0,0,1,0,0,0,1,0,0,21.5
387,2,2,1,1,0,0,0,0,0,1,1,0,5,4,2,1,2,5,6,1,1,1,0,0,0,0,0,0,0,0,0,0,1,0,0,1,0,15.0
388,3,3,1,2,0,0,0,1,1,1,1,0,5,3,4,1,1,4,8,1,1,1,0,0,1,0,0,0,1,0,0,1,0,0,0,1,0,20.5
389,2,2,1,2,0,0,0,1,0,1,1,1,4,3,3,1,1,2,0,1,0,1,0,0,0,0,0,0,0,0,0,1,0,0,0,0,0,16.0
390,2,2,2,4,0,0,0,1,1,1,0,0,4,4,4,1,1,4,6,0,1,1,1,0,0,0,0,0,0,0,1,0,0,0,0,1,0,17.0
391,3,4,1,3,0,0,0,0,1,1,1,0,4,4,5,1,3,5,8,1,1,1,0,0,1,0,0,0,0,0,1,0,0,0,0,1,0,13.75
392,3,2,1,2,0,0,1,0,1,1,1,1,4,3,2,2,3,2,0,1,1,1,0,0,0,0,0,0,0,0,0,1,0,0,0,1,0,15.25
393,3,3,1,4,0,0,1,0,1,1,1,0,5,3,3,1,1,1,4,1,0,1,0,0,1,0,0,0,1,0,0,1,0,0,0,1,0,18.5
394,3,2,1,2,0,0,1,0,1,1,1,0,4,3,3,2,3,2,0,0,1,0,0,0,0,0,0,0,0,0,0,1,0,0,0,1,0,14.25
395,4,4,1,2,0,0,1,1,1,1,1,0,4,3,3,2,2,2,0,1,1,1,0,0,0,1,0,0,1,0,0,1,0,0,1,0,0,24.0
396,3,4,1,2,0,0,0,1,1,1,1,1,4,3,3,1,3,5,6,1,0,1,0,0,1,0,0,0,0,0,0,1,0,0,0,1,0,20.75
397,2,2,1,2,0,0,1,0,1,1,1,1,3,3,1,1,2,4,18,1,1,0,1,0,0,0,1,0,0,0,0,1,0,0,1,0,0,18.0
398,2,3,1,3,0,0,1,0,1,1,1,0,4,3,3,1,2,3,0,1,1,1,1,0,0,0,0,0,0,0,1,0,0,0,0,1,0,17.25
399,3,2,1,3,0,0,0,0,1,1,1,1,5,4,3,2,3,1,4,1,1,1,0,0,0,0,0,0,1,0,0,0,0,0,0,1,0,9.25
400,4,3,1,3,0,0,0,0,1,1,1,1,5,3,2,1,2,4,4,0,1,1,0,0,0,1,0,0,1,0,1,0,0,0,0,1,0,17.75
401,4,3,1,3,0,0,1,0,1,1,1,1,5,4,5,2,3,5,0,1,1,1,0,0,0,1,0,0,0,0,1,0,0,0,0,1,0,18.75
402,4,3,1,3,0,0,1,1,1,1,1,1,4,4,3,1,3,4,0,1,1,1,0,1,0,0,0,0,0,0,0,0,1,0,0,1,0,24.75
403,2,1,2,2,0,0,1,1,1,1,1,1,4,3,4,2,2,1,10,1,1,1,0,0,1,0,0,0,0,0,1,0,0,0,0,1,0,15.75
404,2,1,1,2,0,0,1,1,1,1,1,0,4,3,5,2,4,4,4,1,1,1,0,0,1,0,0,0,0,0,0,0,1,0,0,1,0,15.75
405,2,3,2,1,1,0,0,0,1,0,1,0,2,2,3,3,4,5,16,1,0,0,1,0,0,0,0,0,0,0,0,1,0,0,0,0,0,3.25
406,3,1,1,1,1,0,1,0,1,1,1,1,4,1,2,1,1,3,6,1,1,1,0,0,0,0,1,0,0,0,0,1,0,1,0,1,0,18.0
407,4,4,1,3,2,0,0,1,1,1,1,0,3,3,2,1,1,5,0,1,0,1,0,0,0,0,0,0,0,0,0,0,1,1,0,0,0,24.0
408,2,2,1,2,0,0,1,1,0,0,1,0,4,4,4,1,3,3,11,1,0,1,0,0,1,0,0,0,1,0,0,0,1,0,0,1,0,14.0
409,3,4,1,2,0,0,0,1,1,1,1,1,4,3,5,1,4,2,9,1,0,0,0,0,0,0,0,0,0,0,0,0,1,0,0,0,0,14.75
410,2,2,1,2,0,0,1,1,1,1,1,0,4,3,4,1,3,4,0,1,1,1,0,0,1,0,0,0,1,0,0,0,1,0,0,1,0,20.0
411,4,4,1,3,0,0,1,0,1,1,1,0,4,4,2,1,2,4,2,1,0,0,0,1,0,0,0,0,0,0,0,0,1,0,0,1,0,23.0
412,4,2,1,2,0,0,1,1,1,1,1,0,4,2,2,1,1,3,0,1,0,1,0,0,0,1,0,0,0,0,1,0,0,0,0,1,0,25.5
413,1,1,2,2,2,0,1,1,1,0,1,1,5,3,3,5,2,4,21,0,0,1,1,0,0,0,0,0,0,0,1,0,0,0,0,0,0,11.5
414,1,1,2,3,0,0,0,0,1,1,1,1,3,2,2,1,3,3,8,0,1,1,0,0,0,0,0,0,0,0,0,0,1,0,0,0,0,7.5
415,4,4,1,1,1,0,1,0,1,1,1,1,3,2,5,4,4,5,5,1,1,1,0,0,0,1,0,0,0,0,0,1,0,0,0,0,0,15.0
416,3,2,1,2,0,0,1,0,1,1,1,0,4,4,4,1,2,5,10,1,0,0,0,0,0,0,0,0,0,0,0,0,1,0,0,1,0,18.25
417,3,2,1,3,0,0,1,0,1,1,1,1,4,3,4,1,2,2,5,1,1,1,1,0,0,0,0,0,0,0,0,0,1,0,1,0,0,15.25
418,2,3,1,1,0,0,0,0,1,1,1,0,3,1,3,4,5,4,13,0,1,1,0,0,0,0,0,0,1,0,0,0,1,0,1,0,0,6.25
419,2,1,1,1,0,0,0,0,1,1,1,0,5,3,4,1,4,4,10,1,1,1,0,0,0,0,0,0,0,0,0,0,1,0,0,1,0,8.75
420,2,2,2,2,0,0,1,0,1,1,1,0,4,1,4,1,3,4,10,1,0,0,0,0,1,0,0,0,0,0,0,0,1,0,0,1,0,15.0
421,1,0,2,1,1,1,0,0,1,1,1,1,5,3,1,1,1,5,5,1,1,1,0,0,0,0,0,0,0,0,0,0,1,0,0,1,0,13.25
422,3,2,1,2,0,0,1,1,0,1,1,1,3,1,2,1,2,1,4,1,1,1,0,0,1,0,0,0,0,0,0,1,0,0,0,1,0,20.25
423,1,3,2,1,0,0,1,0,1,0,1,1,4,3,3,1,3,5,11,1,1,1,1,0,0,0,0,0,0,0,0,0,0,0,1,0,1,12.0
424,2,2,2,2,0,0,1,1,1,1,1,0,4,4,4,1,1,5,0,0,1,1,0,0,0,0,0,0,0,0,1,0,0,0,0,1,1,23.0
425,1,1,1,1,1,0,1,0,1,1,0,1,4,1,3,1,1,2,6,0,1,1,1,0,0,0,0,0,1,0,0,0,0,0,0,1,1,13.5
426,3,3,2,1,0,0,1,0,1,1,1,0,5,4,4,2,3,5,4,0,1,1,1,0,0,0,0,0,0,0,1,0,0,0,0,1,1,18.5
427,2,3,2,2,0,0,0,0,1,1,0,0,4,5,2,1,2,5,0,0,1,1,1,0,0,0,0,0,1,0,1,0,0,0,0,1,1,15.25
428,2,1,2,1,0,0,0,0,1,0,0,0,1,3,4,1,1,1,0,0,0,1,1,0,0,0,0,0,0,0,0,1,0,0,0,1,1,-0.25
429,4,4,1,2,0,0,1,0,1,1,0,0,5,3,2,1,3,2,5,0,0,0,1,0,0,0,0,0,0,0,0,1,0,0,0,1,1,21.0
430,1,2,1,3,0,1,0,0,1,1,1,0,4,4,3,1,1,5,0,1,1,0,0,0,0,0,0,0,0,0,0,0,0,0,0,1,1,12.75
431,3,2,1,2,1,0,0,0,1,1,0,1,4,5,4,1,2,5,0,0,1,1,1,0,0,0,0,0,0,0,1,0,0,0,1,0,1,13.25
432,1,1,1,1,1,0,1,0,0,0,1,0,5,4,4,2,2,5,0,0,1,1,0,0,0,0,0,0,0,0,0,0,0,0,1,0,1,9.5
433,4,4,2,1,0,0,0,0,1,1,1,1,1,5,1,3,5,5,0,0,1,1,0,0,0,1,0,0,0,0,1,0,0,0,0,1,1,12.0
434,2,2,2,4,0,0,0,1,0,0,0,1,1,2,1,1,1,1,4,1,0,0,1,0,0,0,0,0,0,0,0,0,1,0,0,1,1,9.0
435,1,1,2,2,0,0,1,0,1,1,1,0,5,4,3,1,2,4,0,0,0,1,1,0,0,0,0,0,1,0,0,0,1,0,1,0,1,15.5
436,1,1,2,1,1,0,1,0,1,1,1,1,4,4,3,1,2,2,4,0,0,1,0,0,0,0,0,0,1,0,1,0,0,0,0,1,1,12.5
437,0,2,2,1,0,0,1,1,1,1,0,0,3,2,3,1,2,2,0,0,1,1,0,0,0,0,0,0,0,0,0,0,0,0,0,1,1,16.5
438,2,3,2,1,0,0,1,0,1,1,1,0,5,5,5,1,3,3,2,0,1,1,0,0,0,0,0,0,0,0,1,0,0,0,0,1,1,15.25
439,3,3,2,1,0,0,0,0,0,1,1,0,4,1,3,1,1,4,0,0,1,1,0,0,0,0,0,0,1,0,1,0,0,0,1,0,1,15.5
440,1,1,2,2,0,0,1,1,1,1,0,1,5,4,5,4,5,3,0,1,1,1,1,0,0,0,0,0,1,0,0,1,0,0,0,1,1,11.5
441,1,1,1,2,0,0,0,0,0,1,1,0,4,4,3,2,4,5,4,1,1,1,0,0,0,0,0,0,0,0,0,1,0,1,0,1,1,7.5
442,4,1,1,2,0,0,1,1,1,1,1,0,5,3,4,1,2,2,0,0,0,1,0,1,0,0,0,0,1,0,0,0,1,0,1,0,1,21.25
443,4,1,1,2,0,0,1,1,1,1,1,0,5,3,4,1,2,2,7,0,0,1,0,1,0,0,0,0,1,0,0,0,1,0,1,0,1,21.25
444,3,4,3,2,0,0,0,0,0,1,0,0,3,4,5,1,2,5,4,0,1,1,0,0,0,0,0,1,0,0,0,0,0,0,0,1,1,13.75
445,1,1,4,2,0,0,1,1,1,1,0,1,5,4,5,2,4,4,8,0,1,1,0,0,0,0,0,0,0,0,1,0,0,0,0,1,1,15.5
446,3,3,1,2,0,0,1,1,1,1,1,0,5,3,3,1,1,5,0,1,0,1,1,0,0,0,1,0,0,0,0,0,1,0,1,0,1,27.5
447,2,1,3,1,0,0,0,1,1,0,0,1,5,5,5,5,5,3,8,0,1,1,0,0,0,0,0,0,0,0,0,0,0,0,0,1,1,1.75
448,4,4,2,3,0,0,0,1,1,1,1,1,4,2,2,1,1,4,6,0,1,1,0,0,0,1,0,0,0,1,1,0,0,0,0,1,1,24.0
449,1,2,2,1,0,0,0,0,1,1,0,0,5,1,2,1,1,1,3,0,1,1,0,0,0,0,0,0,1,0,1,0,0,0,0,1,1,10.75
450,2,3,3,2,0,0,1,0,1,1,1,0,4,5,4,1,2,1,2,0,1,1,0,0,0,0,0,0,1,0,1,0,0,0,0,1,1,14.25
451,1,2,2,2,0,0,0,0,1,1,0,0,4,3,3,1,1,5,0,0,1,1,0,0,0,0,0,0,0,0,1,0,0,0,1,0,1,12.75
452,2,2,3,2,0,0,1,0,1,1,1,0,4,4,5,1,1,4,4,0,1,1,0,0,0,0,0,0,0,0,1,0,0,0,0,1,1,16.0
453,1,2,1,3,1,0,1,0,1,1,0,0,1,3,2,1,2,4,0,1,1,1,0,0,0,0,0,0,1,0,1,0,0,0,0,1,1,13.75
454,1,2,1,3,1,0,1,0,1,1,0,0,1,3,2,1,2,4,3,1,1,1,0,0,0,0,0,0,1,0,1,0,0,0,0,1,1,13.75
455,2,1,1,2,0,1,1,0,0,1,1,0,4,4,2,3,3,2,0,1,1,1,1,0,0,0,0,0,0,0,0,1,0,0,0,1,1,11.75
456,1,1,1,2,0,0,1,0,0,1,0,1,5,4,3,2,1,2,0,1,1,1,1,0,0,0,0,0,0,0,1,0,0,0,1,0,1,13.5
457,1,2,1,1,0,0,1,1,1,1,1,0,5,5,5,5,5,3,4,0,0,1,1,0,0,0,0,0,1,0,0,0,1,0,0,1,1,11.75
458,1,1,4,4,0,0,1,0,0,1,1,0,4,3,2,1,1,1,0,0,1,1,0,0,0,0,0,0,0,0,0,1,0,0,1,0,1,13.5
459,1,1,4,3,0,1,1,0,1,1,0,0,4,4,3,1,1,5,2,0,1,1,1,0,0,0,0,0,0,0,0,0,0,0,1,0,1,16.5
460,1,1,2,2,0,0,1,1,1,1,1,0,4,3,3,1,1,2,1,0,1,1,1,0,0,0,0,0,0,0,0,1,0,0,1,0,1,18.5
461,1,1,2,1,0,0,0,1,1,1,1,1,4,2,2,4,3,2,0,0,1,1,1,0,0,0,0,0,0,0,0,0,0,0,0,1,1,9.5
462,1,1,3,2,0,0,1,0,1,1,0,0,4,2,1,1,2,2,0,0,1,1,1,0,0,0,1,0,0,0,1,0,0,0,1,0,1,14.5
463,2,2,1,3,0,1,1,0,1,1,0,0,4,4,3,2,2,5,2,0,0,1,0,0,0,0,0,0,0,0,0,0,0,0,1,0,1,17.0
464,1,1,2,1,0,0,0,1,1,1,0,0,3,4,4,3,4,5,6,0,1,1,1,0,0,0,0,0,0,0,0,0,0,0,1,0,1,9.5
465,1,2,1,2,1,0,1,1,1,1,1,1,3,4,4,2,3,5,9,1,1,1,0,0,0,0,0,0,0,0,1,0,0,0,1,0,1,17.75
466,3,1,2,1,0,0,1,0,1,1,0,0,3,2,3,1,3,4,0,1,1,1,0,0,0,0,0,0,1,0,0,1,0,0,0,1,1,15.0
467,2,2,3,2,0,0,1,1,1,1,1,0,5,3,4,1,1,2,1,0,1,1,0,0,0,0,0,0,1,0,1,0,0,0,1,0,1,21.0
468,2,2,3,1,0,0,0,0,1,1,0,0,4,3,3,1,2,4,1,1,1,1,0,1,0,0,0,0,0,0,0,0,1,0,0,1,1,12.0
469,4,4,1,2,0,0,1,1,1,1,0,1,4,3,1,1,1,3,0,1,1,1,0,0,0,0,0,0,0,1,1,0,0,0,1,0,1,29.0
470,3,3,1,2,0,0,1,0,1,1,1,1,4,5,4,1,1,1,4,0,1,1,0,0,1,0,0,0,0,0,0,0,1,0,0,1,1,16.5
471,2,2,2,2,1,0,1,1,0,1,0,0,4,4,4,2,3,5,2,0,1,1,1,0,0,0,0,0,0,0,1,0,0,0,0,1,1,20.0
472,2,2,3,1,0,0,1,1,1,1,0,1,4,3,2,1,1,4,0,0,0,1,0,0,0,0,0,0,0,0,0,1,0,0,1,0,1,24.0
473,2,1,2,1,0,0,1,1,1,1,1,0,2,4,3,2,3,4,4,1,0,1,1,0,0,0,0,0,1,0,1,0,0,0,0,1,1,16.75
474,1,3,3,1,0,0,1,1,1,1,1,0,4,2,4,3,5,3,2,0,0,1,1,0,0,0,0,0,0,0,0,0,1,0,1,0,1,15.0
475,2,2,2,3,0,0,1,1,1,1,0,0,5,3,2,1,1,4,0,1,1,1,0,0,0,0,0,0,1,0,1,0,0,0,0,1,1,25.0
476,2,1,1,1,0,0,1,0,1,1,1,1,5,4,3,1,1,5,2,0,0,1,0,0,0,0,0,0,0,0,0,1,0,0,0,1,1,18.75
477,3,3,2,1,0,0,1,1,0,1,1,0,4,3,3,2,4,3,11,1,1,1,0,0,1,0,0,0,1,0,1,0,0,0,1,0,1,20.5
478,1,1,2,2,3,1,1,0,1,1,0,0,3,4,3,1,1,1,0,0,1,1,1,0,0,0,0,0,0,0,1,0,0,0,1,0,1,11.5
479,2,2,1,1,0,0,1,1,1,0,0,0,4,5,3,1,1,5,4,1,1,1,0,0,0,0,1,0,0,0,1,0,0,0,0,1,1,19.0
480,2,3,1,1,1,0,0,0,1,0,1,1,4,4,4,1,1,2,0,1,1,1,1,0,0,0,0,0,1,0,1,0,0,0,0,0,1,6.25
481,2,1,3,1,0,0,1,1,1,0,0,1,5,5,3,1,1,3,2,0,1,1,1,0,0,0,0,0,0,0,1,0,0,0,0,1,1,16.75
482,1,1,2,1,0,0,1,0,1,0,0,1,5,2,1,1,3,4,0,0,0,1,1,0,0,0,0,0,0,0,1,0,0,0,0,1,1,11.5
483,2,2,3,2,0,0,1,0,1,0,1,0,3,4,5,1,2,1,1,0,1,1,0,0,0,0,0,0,0,0,1,0,0,0,1,0,1,6.0
484,2,2,1,1,0,0,1,0,1,0,0,0,4,3,4,1,2,1,6,1,0,0,0,0,0,0,0,0,0,0,0,1,0,0,0,1,1,8.0
485,2,2,2,2,0,0,1,0,1,1,1,0,4,3,5,1,2,4,0,0,1,1,1,0,0,0,0,0,0,0,1,0,0,0,0,1,1,15.0
486,2,2,1,1,1,0,1,1,0,1,1,0,4,4,3,1,4,3,1,1,1,1,0,0,0,0,0,0,1,0,1,0,0,1,1,0,1,19.0
487,3,2,2,3,2,0,1,0,0,0,0,1,3,3,2,1,1,2,6,0,0,0,0,0,0,0,0,0,0,0,1,0,0,0,0,0,1,12.25
488,1,1,1,3,1,0,0,1,1,0,0,1,5,3,1,1,1,3,6,1,1,1,1,0,0,0,0,0,1,0,1,0,0,0,0,1,1,12.5
489,1,1,2,1,1,0,0,1,1,0,1,0,4,4,3,3,4,4,0,0,1,1,0,0,0,0,0,0,0,0,0,1,0,0,0,1,1,5.5
490,1,1,2,1,1,0,0,0,0,0,1,1,3,2,3,1,1,2,4,0,1,1,1,0,0,0,1,0,0,0,1,0,0,0,0,1,1,2.5
491,1,1,2,2,1,0,1,0,1,1,1,1,1,1,4,4,1,1,12,1,1,1,0,0,0,0,0,0,0,0,1,0,0,0,0,0,1,5.5
492,2,2,1,2,0,0,0,0,0,1,0,1,3,3,2,1,1,3,2,0,1,0,0,1,0,0,0,0,0,0,1,0,0,0,0,1,1,12.0
493,0,1,2,1,0,0,0,1,0,1,0,0,2,4,4,3,5,5,5,1,1,1,0,0,0,0,1,0,0,0,1,0,0,0,1,0,1,6.25
494,1,2,1,2,0,0,0,1,1,0,1,0,4,4,5,1,3,3,0,0,0,1,1,0,0,0,0,0,0,0,1,0,0,0,0,1,1,6.75
495,3,3,1,1,0,0,0,1,1,0,1,1,4,5,4,1,1,4,0,1,1,1,0,0,0,0,0,0,0,0,0,0,1,0,0,1,1,14.5
496,1,1,1,1,0,0,1,1,1,1,1,1,4,4,4,2,2,4,2,0,0,1,0,0,1,0,0,0,1,0,0,1,0,0,0,1,1,17.5
497,3,3,2,4,1,0,1,1,1,1,0,0,5,4,5,3,4,5,0,1,1,1,0,0,1,0,1,0,0,0,1,0,0,1,0,1,1,20.5
498,2,1,1,2,0,0,1,1,1,1,1,0,5,3,3,1,1,1,0,1,1,1,0,0,0,0,0,0,1,0,1,0,0,0,0,1,1,19.75
499,2,2,1,1,0,0,1,1,1,1,0,1,4,2,5,1,2,5,0,1,1,1,0,0,1,0,0,0,0,0,1,0,0,1,0,1,1,21.0
500,1,2,1,1,1,0,1,1,1,0,1,1,5,3,5,5,5,1,12,1,1,1,0,0,0,0,0,0,0,0,1,0,0,0,1,0,1,4.75
501,4,3,1,1,0,0,0,1,1,1,1,0,4,2,5,1,5,5,8,1,0,1,0,0,0,0,0,0,0,0,1,0,0,0,1,0,1,16.75
502,2,2,3,4,1,0,1,0,1,1,0,0,1,3,5,3,5,3,2,0,0,1,0,0,1,0,0,0,1,0,0,0,0,0,0,1,1,6.0
503,1,1,1,4,0,1,1,1,1,1,1,0,2,2,1,1,1,5,0,1,1,1,0,0,0,0,0,0,0,0,1,0,0,0,0,0,1,21.5
504,2,2,1,3,0,0,0,0,1,1,1,1,5,4,5,1,1,1,0,1,0,1,0,0,0,0,0,0,0,0,0,1,0,0,0,1,1,9.0
505,1,1,2,1,0,0,1,1,0,1,1,1,4,4,5,1,2,5,0,0,1,1,1,0,0,0,0,0,0,0,0,0,1,0,0,1,1,18.5
506,3,3,2,2,1,0,0,1,1,1,1,1,3,3,4,2,4,3,8,1,1,1,1,0,0,0,0,0,1,0,0,0,0,0,0,1,1,13.5
507,1,1,1,3,0,0,1,0,1,1,0,1,4,3,3,1,1,3,0,1,0,1,0,0,0,0,0,0,1,0,1,0,0,0,1,0,1,14.5
508,2,2,3,1,1,0,1,0,0,1,1,0,4,4,5,1,2,5,0,0,1,1,0,0,0,0,0,0,0,0,1,0,0,0,0,1,1,16.0
509,1,1,3,2,0,0,1,0,1,1,0,0,5,3,2,1,1,1,0,0,0,1,1,0,0,0,0,0,0,0,1,0,0,0,1,0,1,14.5
510,2,2,2,2,0,0,1,1,1,1,0,0,5,3,2,1,1,1,0,0,1,1,0,0,0,0,0,0,0,0,0,0,1,0,0,1,1,22.0
511,1,0,2,2,0,0,0,0,1,1,1,1,4,4,5,1,1,4,1,1,1,0,0,0,0,0,0,0,0,0,0,0,0,0,0,1,1,7.25
512,1,1,1,2,1,0,1,0,1,1,1,1,4,3,2,1,1,5,9,0,1,1,1,0,0,0,0,0,0,0,0,0,0,0,0,1,1,17.5
513,3,1,1,1,0,0,0,1,1,1,1,0,3,1,3,1,3,1,0,1,1,1,0,0,0,0,0,0,0,0,1,0,0,0,0,1,1,12.0
514,3,2,1,1,0,0,0,0,1,1,1,0,3,1,3,1,4,3,2,1,1,1,0,0,1,0,1,0,0,0,1,0,0,0,0,1,1,9.25
515,1,1,2,2,0,1,0,0,1,1,0,0,2,3,5,1,4,3,8,1,0,1,0,0,0,0,1,0,0,0,0,0,1,0,0,1,1,2.5
516,4,4,1,2,0,0,0,1,0,1,1,1,4,3,3,2,3,2,0,0,1,1,0,1,0,0,0,0,0,1,0,0,1,0,1,0,1,18.0
517,1,2,2,1,0,0,0,1,1,1,1,0,5,4,5,1,4,2,0,0,0,1,0,0,0,0,0,0,0,0,0,0,1,0,0,1,1,10.75
518,2,4,1,2,1,0,1,0,1,1,1,0,2,3,2,1,3,1,8,1,1,0,0,0,0,0,0,0,1,0,0,0,1,0,1,0,1,14.5
519,2,1,2,2,0,0,0,1,1,1,1,0,5,2,1,1,1,2,0,0,1,1,0,0,0,0,0,0,1,0,0,0,1,0,0,1,1,17.75
520,1,1,3,2,0,0,1,0,1,1,1,0,4,3,2,1,3,5,6,1,0,1,1,0,0,0,0,0,0,0,0,0,0,0,0,1,1,15.5
521,2,3,2,2,0,0,1,1,1,1,1,0,3,3,3,1,1,2,0,0,1,1,1,0,0,0,0,0,1,0,0,0,0,0,0,1,1,21.25
522,4,4,1,2,0,0,1,0,1,1,1,1,4,3,4,1,2,3,4,1,1,1,0,1,0,0,0,1,0,0,1,0,0,0,0,1,1,20.0
523,4,4,1,4,0,0,1,1,1,0,1,1,5,5,5,5,5,5,2,1,0,1,1,0,0,0,0,1,0,0,0,1,0,0,0,1,1,15.0
524,3,4,3,2,0,0,1,0,0,1,0,0,4,2,1,1,1,2,2,0,0,1,1,0,0,0,0,0,0,0,0,0,0,0,0,1,1,21.75
525,4,4,1,3,0,0,1,0,1,1,1,0,4,4,3,1,2,5,0,1,0,1,0,0,0,0,0,0,1,0,0,1,0,0,0,1,1,23.0
526,4,1,1,1,0,0,0,0,1,1,1,1,4,2,3,1,2,5,1,0,1,1,0,0,0,0,0,0,0,0,0,0,0,0,0,1,1,14.25
527,2,2,4,3,0,0,0,0,1,1,0,0,5,1,3,2,2,3,0,1,0,1,0,0,1,0,0,0,1,0,0,0,0,0,0,1,1,11.0
528,2,2,1,1,0,0,1,0,1,1,1,0,5,1,3,1,2,5,5,0,1,1,1,0,0,0,0,0,0,0,0,0,0,1,0,1,1,19.0
529,4,4,2,1,0,0,1,0,1,1,0,0,5,1,3,1,2,5,1,1,0,1,0,0,1,0,0,0,1,0,0,0,0,0,1,0,1,24.0
530,3,3,1,1,0,0,1,1,1,1,1,0,4,1,4,5,5,3,8,1,1,1,0,0,1,0,0,0,1,0,0,1,0,0,0,1,1,15.5
531,1,1,3,2,0,0,0,0,1,1,1,1,5,1,3,3,3,1,0,1,1,1,1,0,0,0,0,0,1,0,0,0,0,0,0,1,1,4.5
532,2,1,2,2,0,0,0,0,0,1,1,1,4,2,2,1,4,5,2,1,1,1,0,1,0,0,0,0,1,0,0,0,0,0,0,1,1,10.75
533,2,1,1,2,0,0,0,0,1,1,1,1,3,2,2,1,1,3,0,1,0,1,0,0,0,0,0,0,1,0,0,0,0,0,0,1,1,10.75
534,4,4,1,1,0,0,1,0,1,1,1,0,4,1,2,2,5,5,0,1,0,1,0,0,0,1,0,1,0,0,0,0,0,0,1,0,1,20.0
535,1,2,3,2,0,0,1,1,1,1,0,0,5,5,5,1,3,5,11,0,1,1,0,0,0,0,0,0,1,0,1,0,0,0,0,1,1,19.75
536,2,2,3,4,0,0,1,1,1,1,0,0,5,4,5,2,3,5,8,1,0,0,0,0,0,0,0,0,0,0,0,0,1,0,0,1,1,20.0
537,2,1,1,1,0,0,0,1,1,1,1,0,4,3,3,1,2,5,11,1,0,0,0,0,1,0,0,0,1,0,1,0,0,0,0,1,1,16.75
538,2,2,1,3,0,0,1,0,0,1,0,1,4,3,3,2,2,5,2,0,0,1,0,0,0,0,0,0,0,0,1,0,0,0,0,1,1,17.0
539,4,1,2,2,0,0,1,1,1,1,1,0,1,2,4,2,2,1,8,1,0,1,0,0,0,0,0,0,0,0,0,1,0,0,0,1,1,15.25
540,3,2,2,1,0,0,0,0,1,1,0,1,4,3,3,2,2,1,5,1,1,1,1,0,0,0,0,0,0,0,0,1,0,0,0,1,1,9.25
541,2,2,2,2,0,1,0,0,1,1,0,0,5,1,3,1,1,5,0,0,1,1,0,0,0,0,0,0,0,0,0,0,0,1,0,1,1,15.0
542,4,4,2,3,0,0,1,0,1,1,1,1,5,3,5,1,4,5,1,1,1,1,0,0,0,1,0,0,1,0,1,0,0,0,0,1,1,20.0
543,4,4,3,1,3,0,0,1,1,1,1,1,3,3,3,1,3,5,2,0,1,1,0,1,0,0,0,0,0,0,1,0,0,0,1,0,1,21.0
544,1,3,2,1,0,0,0,1,1,1,0,1,5,1,2,3,3,5,2,0,0,1,0,0,0,0,0,0,0,0,1,0,0,0,1,0,1,17.0
545,3,4,1,2,1,0,1,1,0,1,1,1,5,4,4,3,4,5,8,1,1,1,0,0,1,0,0,0,0,0,0,0,0,0,0,1,1,22.75
546,4,4,1,2,0,0,1,0,1,1,1,0,5,2,5,1,1,5,0,1,1,1,0,1,0,0,0,1,0,0,1,0,0,0,1,0,1,23.0
547,4,1,1,1,0,0,0,0,1,1,1,0,4,1,2,2,1,2,0,0,0,1,0,0,0,0,1,0,0,0,0,0,0,0,1,0,1,12.25
548,1,1,1,2,0,0,0,1,1,1,1,1,4,5,5,1,2,3,2,1,1,0,1,0,0,0,1,0,0,0,0,0,0,0,0,1,1,11.5
549,4,2,2,2,0,1,1,0,0,1,1,0,4,3,3,2,3,5,0,0,1,1,0,0,0,0,0,0,0,0,1,0,0,0,0,1,1,18.5
550,2,2,2,2,0,0,1,0,0,1,1,1,4,1,2,2,2,5,0,1,0,0,0,0,0,0,0,0,1,0,1,0,0,0,1,0,1,18.0
551,3,2,2,2,0,0,1,0,1,1,1,0,4,1,2,2,2,1,0,1,1,1,0,0,0,0,0,0,0,0,0,0,0,1,1,0,1,15.25
552,1,1,1,2,2,0,1,1,1,0,1,0,4,4,3,3,4,4,2,1,1,1,0,0,0,0,0,0,0,0,0,0,0,0,0,1,1,10.5
553,1,0,1,1,0,0,0,0,1,1,0,1,4,1,2,1,1,5,4,1,0,0,0,0,0,0,0,0,0,0,0,1,0,0,0,1,1,11.25
554,1,1,2,1,0,0,1,1,1,0,1,1,3,5,5,2,2,4,3,0,1,1,1,0,0,0,1,0,0,0,1,0,0,0,1,0,1,10.5
555,1,2,1,3,0,1,1,0,0,1,1,1,4,3,4,1,1,3,5,0,1,1,0,0,0,0,0,0,0,0,0,1,0,0,1,0,1,14.75
556,1,2,1,1,0,0,0,0,1,1,0,0,4,4,4,2,4,5,4,0,0,1,0,0,0,0,1,0,0,0,1,0,0,0,0,1,1,7.75
557,3,1,2,2,3,0,1,1,0,1,1,1,5,4,4,1,1,5,2,0,1,1,0,0,0,0,0,0,0,0,1,0,0,0,0,1,1,24.0
558,2,2,2,1,0,0,0,1,1,0,0,1,5,5,5,3,5,5,0,0,1,1,0,0,0,0,0,0,0,0,1,0,0,0,0,1,1,7.0
559,1,0,3,1,1,1,1,0,1,1,0,0,4,3,2,1,1,4,0,0,1,1,1,0,0,0,1,0,0,0,1,0,0,0,0,0,1,15.25
560,1,1,2,1,0,0,1,1,0,1,1,1,4,5,5,1,3,2,0,0,1,1,0,0,0,0,0,0,1,0,1,0,0,0,0,1,1,14.5
561,1,1,2,2,0,0,1,1,1,1,0,0,4,3,3,1,4,5,6,1,0,1,1,0,0,0,1,0,0,0,1,0,0,0,0,1,1,18.5
562,2,2,1,2,0,0,0,1,1,1,0,1,5,4,3,1,1,1,0,0,0,1,0,0,0,0,0,0,1,0,1,0,0,0,1,0,1,16.0
563,2,2,1,1,1,0,0,1,1,1,0,1,1,2,1,2,3,5,0,1,1,1,0,0,0,0,0,0,0,0,1,0,0,0,0,1,1,15.0
564,3,2,2,1,0,0,0,0,1,1,1,0,4,5,5,2,3,5,2,0,1,1,0,0,1,0,0,0,0,0,1,0,0,0,1,0,1,10.25
565,1,1,2,1,0,0,0,1,1,1,1,0,4,5,5,2,4,5,0,0,0,1,1,0,0,0,0,0,0,0,1,0,0,0,0,1,1,10.5
566,1,1,2,1,1,0,1,0,1,0,1,1,5,3,3,2,3,5,2,0,1,1,0,0,1,0,0,0,0,0,1,0,0,0,0,0,1,9.5
567,3,2,1,1,1,0,0,0,1,0,1,0,2,3,1,2,2,5,0,0,1,1,0,0,1,0,0,0,0,0,1,0,0,0,0,1,1,8.25
568,3,2,2,1,3,0,0,1,1,1,0,0,3,2,1,1,1,3,4,1,1,1,1,0,0,0,0,0,1,0,1,0,0,0,0,1,1,19.25
569,3,3,1,2,2,0,1,1,1,0,1,0,4,4,5,1,3,3,9,1,1,1,1,0,0,0,1,0,0,0,1,0,0,0,0,1,1,15.5
570,2,2,2,1,0,0,1,1,1,1,1,1,5,4,3,2,4,4,6,0,1,1,0,0,1,0,0,0,1,0,1,0,0,0,0,1,1,20.0
571,2,1,2,1,3,0,0,1,0,0,1,1,4,4,3,1,3,5,4,1,1,1,1,0,0,0,0,0,0,0,1,0,0,0,0,0,1,10.75
572,3,2,2,2,2,0,1,1,1,1,0,1,2,5,5,1,1,1,8,1,1,0,0,0,1,0,1,0,0,0,1,0,0,0,0,1,1,17.25
573,1,1,1,1,0,0,1,1,1,1,0,0,4,3,2,1,2,5,9,1,1,1,0,0,0,0,1,0,0,0,1,0,0,0,0,1,1,21.5
574,1,1,2,1,1,0,1,0,1,0,1,1,4,4,3,2,4,4,12,0,1,1,0,0,0,0,0,0,0,0,1,0,0,0,0,0,1,6.5
575,4,3,1,1,0,0,1,0,1,1,1,0,5,4,4,3,4,2,8,0,1,0,0,0,1,0,0,0,1,0,1,0,0,0,0,1,1,14.75
576,3,2,2,1,0,0,1,0,0,1,1,0,2,5,5,5,5,5,8,0,1,1,0,0,0,0,0,0,0,0,1,0,0,0,0,1,1,8.25
577,1,1,3,2,1,0,0,0,1,1,1,0,5,4,4,3,3,2,8,0,1,1,0,0,0,0,0,0,1,0,0,1,0,0,0,0,1,4.5
578,3,3,2,2,1,0,1,0,1,1,1,0,4,5,4,2,3,3,4,1,1,1,0,1,0,0,0,0,0,0,1,0,0,0,0,1,1,15.5
579,1,3,1,1,0,0,0,0,1,0,1,1,4,3,3,2,3,3,0,1,0,1,1,0,0,0,0,0,1,0,1,0,0,0,0,1,1,4.0
580,1,1,3,1,1,0,1,0,1,1,1,0,4,4,4,3,3,5,4,0,1,1,0,0,0,0,0,0,0,0,0,1,0,0,0,0,1,11.5
581,1,2,2,2,2,0,1,0,1,1,0,0,4,3,3,1,1,5,2,1,1,0,1,0,0,0,0,0,0,0,1,0,0,0,0,1,1,17.75
582,1,1,1,1,0,0,1,0,1,0,0,0,1,4,4,1,1,5,0,1,0,0,1,0,0,0,0,0,0,0,1,0,0,0,0,1,1,7.5
583,2,2,2,1,1,0,0,0,1,0,1,1,5,5,5,1,1,3,0,0,1,1,0,0,0,0,0,0,0,0,0,0,0,0,0,1,1,6.0
584,0,0,2,1,0,0,1,0,1,1,1,0,4,4,3,1,1,5,0,0,1,1,1,0,0,0,0,0,0,0,1,0,0,0,0,1,1,14.0
585,3,1,2,3,0,0,1,0,1,0,0,0,4,2,3,2,2,3,5,0,0,0,0,0,0,0,1,0,0,0,1,0,0,1,0,0,1,10.0
586,4,2,1,2,0,1,1,1,1,1,1,0,5,5,5,1,3,5,0,1,1,1,0,0,0,1,0,0,1,0,0,1,0,0,0,1,1,23.5
587,2,2,1,2,1,0,1,1,1,1,1,0,2,3,3,1,2,4,3,0,0,1,0,0,1,0,0,0,1,0,1,0,0,0,0,1,1,20.0
588,4,1,1,1,0,0,1,0,1,1,0,1,3,2,2,1,1,5,0,1,1,1,0,1,0,0,1,0,0,0,1,0,0,0,0,1,1,20.25
589,1,2,1,1,0,0,0,0,1,1,1,0,5,5,1,1,1,3,0,1,0,1,1,0,0,0,0,0,0,0,1,0,0,0,1,0,1,13.75
590,1,1,3,2,2,0,0,1,1,1,0,1,3,4,4,2,2,5,3,1,1,1,0,0,0,0,0,0,0,0,1,0,0,0,0,1,1,12.5
591,2,2,2,2,0,0,0,1,0,1,1,0,4,3,5,1,1,1,2,1,1,1,0,0,1,0,1,0,0,0,0,0,1,0,1,0,1,13.0
592,3,3,2,1,0,0,1,0,1,1,1,0,4,4,3,1,1,4,0,1,1,1,0,0,1,0,0,0,1,0,1,0,0,0,0,1,1,20.5
593,1,2,2,2,0,0,0,0,1,1,1,0,4,4,3,1,2,4,0,1,0,0,1,0,0,0,0,0,0,0,0,0,1,0,0,1,1,10.75
594,4,4,2,2,0,0,0,1,0,1,1,0,4,3,5,1,2,1,0,1,1,1,0,0,0,1,0,0,0,1,0,0,1,0,0,1,1,17.0
595,4,4,1,1,0,0,1,1,1,1,1,0,5,4,5,1,1,5,3,1,0,1,0,0,1,0,0,0,0,0,0,0,1,0,0,1,1,28.0
596,4,2,2,2,0,0,1,0,1,1,1,0,4,3,3,1,2,4,0,1,1,1,0,0,0,0,0,0,0,0,1,0,0,0,0,1,1,19.5
597,2,2,3,2,1,0,0,1,1,1,0,1,4,3,3,1,1,4,0,0,1,1,1,0,0,0,0,0,0,0,1,0,0,0,0,1,1,18.0
598,1,2,2,1,0,0,1,0,0,1,0,0,4,1,4,5,5,1,8,1,0,1,1,0,0,0,0,0,1,0,0,1,0,0,0,1,1,4.75
599,4,4,3,1,0,0,1,1,1,1,1,1,2,5,5,1,1,1,5,0,1,1,1,0,0,0,0,0,1,0,0,0,0,1,0,1,1,21.0
600,1,1,3,1,0,0,0,0,0,0,0,0,4,2,3,3,4,4,4,0,1,1,0,0,0,0,0,0,1,0,0,0,0,0,1,0,1,0.5
601,2,2,2,2,0,0,1,0,0,1,1,1,1,3,1,1,1,2,4,1,1,1,0,0,0,0,0,0,0,0,1,0,0,0,0,1,1,15.0
602,2,2,2,3,0,0,0,0,1,1,1,1,5,4,5,1,4,3,0,1,0,1,0,0,1,0,0,0,1,0,1,0,0,0,1,0,1,8.0
603,4,2,1,2,0,0,0,1,1,1,1,1,5,3,1,1,1,5,0,0,0,0,0,0,0,1,0,0,0,0,0,0,1,0,0,1,1,24.5
604,1,1,3,2,1,0,0,0,1,0,0,0,4,4,2,1,2,2,2,1,1,1,1,0,0,0,0,0,1,0,1,0,0,0,0,1,1,3.5
605,1,1,2,1,1,0,0,0,1,0,0,0,5,5,5,2,3,2,0,1,1,1,1,0,0,0,0,0,1,0,0,0,0,0,1,0,1,-0.5
606,4,2,2,4,0,0,0,0,1,1,1,1,4,2,3,3,1,5,0,1,1,1,0,0,0,1,0,0,0,0,1,0,0,0,1,0,1,14.5
607,2,1,2,2,0,0,0,1,1,1,1,1,5,3,3,1,2,2,5,0,0,0,0,0,1,0,0,0,0,0,0,0,1,0,0,1,1,14.75
608,1,1,1,2,0,0,0,0,1,1,0,1,5,2,3,1,2,3,2,1,0,0,1,0,0,0,0,0,1,0,1,0,0,0,0,1,1,9.5
609,1,2,2,2,0,0,1,0,1,0,0,0,4,1,1,1,1,4,0,1,1,1,1,0,0,0,1,0,0,0,1,0,0,0,1,0,1,13.75
610,1,1,2,2,3,0,1,1,1,0,0,1,3,5,4,1,4,1,0,0,1,0,1,0,0,0,1,0,0,0,1,0,0,0,0,0,1,7.5
611,2,2,2,3,0,0,0,0,1,1,1,1,4,2,1,1,1,4,5,0,1,1,0,0,1,0,0,0,0,0,0,1,0,0,0,1,1,15.0
612,4,3,2,2,1,0,1,1,0,1,1,1,4,5,5,1,3,2,4,0,1,1,0,0,1,0,0,0,0,0,0,1,0,1,0,1,1,20.75
613,3,3,1,2,0,0,1,0,1,1,0,1,5,3,4,1,1,5,0,1,1,1,0,0,1,0,0,0,1,0,1,0,0,0,1,0,1,21.5
614,4,4,2,2,0,0,1,1,1,1,1,0,4,3,3,1,2,5,2,0,1,1,0,0,0,1,0,0,1,0,0,0,0,1,1,0,1,28.0
615,3,2,2,2,0,0,0,0,1,1,0,1,1,2,3,1,2,5,0,1,0,0,0,0,1,0,0,0,0,0,0,0,1,0,0,1,1,11.25
616,1,1,2,1,0,0,0,0,0,1,1,1,3,3,2,1,2,3,2,1,0,1,0,0,0,0,0,0,1,0,0,1,0,0,1,0,1,8.5
617,1,1,2,3,0,0,0,0,1,1,1,0,5,3,2,1,1,4,0,1,0,1,1,0,0,0,0,0,1,0,1,0,0,0,1,0,1,12.5
618,1,2,3,2,0,0,0,0,1,1,0,1,4,3,4,1,4,5,0,0,0,0,1,0,0,0,0,0,0,0,1,0,0,0,0,1,1,8.75
619,3,3,2,2,0,0,1,0,1,1,1,1,4,3,2,1,3,3,6,1,1,1,0,0,1,0,0,0,1,0,0,0,0,0,0,1,1,18.5
620,4,4,1,2,0,0,1,1,1,1,1,1,2,3,4,1,1,1,4,1,0,1,1,0,0,0,1,0,0,0,1,0,0,0,0,1,1,22.0
621,1,2,2,2,0,0,0,0,0,1,0,0,3,2,2,1,2,3,0,0,1,1,0,0,0,0,0,0,1,0,1,0,0,0,1,0,1,9.75
622,1,3,2,2,0,0,1,0,1,1,0,0,3,3,4,2,4,3,0,0,1,1,1,0,0,0,0,0,0,0,1,0,0,1,0,1,1,11.0
623,4,4,2,3,0,0,0,0,1,1,1,1,4,2,2,2,2,5,0,1,0,1,0,0,0,1,0,0,1,0,0,0,0,0,0,1,1,18.0
624,1,1,3,1,1,0,1,0,1,1,1,1,5,2,1,1,2,1,0,0,1,1,0,0,0,0,0,0,1,0,0,0,1,0,0,1,1,14.5
625,2,3,2,1,0,0,1,0,1,1,1,1,5,2,3,1,2,4,0,1,1,1,1,0,0,0,0,0,1,0,1,0,0,0,1,0,1,19.25
626,4,4,3,2,0,0,1,0,0,1,1,1,3,2,2,4,2,5,0,0,1,1,0,0,0,0,0,0,0,1,0,0,0,0,1,0,1,20.0
627,1,2,3,1,0,0,1,1,1,0,1,1,4,3,3,2,3,3,3,0,0,1,1,0,0,0,0,0,1,0,0,0,0,0,1,0,1,12.75
628,2,2,1,3,0,0,0,1,1,1,0,1,3,4,3,1,1,3,8,1,1,1,0,0,0,0,1,0,0,0,0,1,0,0,0,1,1,16.0
629,1,2,1,1,0,0,0,1,1,1,1,0,3,5,5,1,3,1,4,0,1,1,0,0,0,0,0,0,0,0,1,0,0,0,0,1,1,8.75
630,4,4,2,3,0,0,0,0,1,1,1,0,5,4,4,1,1,1,0,0,0,1,0,0,0,0,0,0,0,0,0,0,1,0,0,1,1,15.0
631,1,1,4,3,0,0,0,0,1,1,1,0,4,3,2,1,2,4,4,0,1,1,0,0,0,0,0,0,0,0,0,1,0,0,0,1,1,10.5
632,1,1,2,2,1,0,1,0,1,1,1,1,4,3,3,1,1,3,4,0,1,1,1,0,0,0,0,0,0,0,1,0,0,0,0,0,1,14.5
633,4,4,1,2,0,0,0,1,1,1,1,0,5,4,3,3,4,2,1,0,0,1,0,0,0,1,0,0,1,0,1,0,0,0,0,1,1,17.0
634,3,3,1,2,0,0,0,0,1,1,1,1,4,1,3,1,2,1,1,1,1,1,0,0,0,0,0,0,0,0,0,1,0,0,0,1,1,11.5
635,3,1,1,2,0,0,1,1,0,1,1,0,4,5,4,2,3,1,10,0,1,1,1,0,0,0,0,0,0,0,0,0,1,0,0,1,1,16.0
636,4,4,1,2,0,0,0,1,0,1,1,0,3,2,4,1,4,2,4,1,1,1,0,0,0,1,0,0,0,1,0,1,0,0,1,0,1,16.0
637,2,1,2,1,0,0,0,1,0,1,1,1,4,4,3,1,3,5,0,0,1,1,0,0,0,0,0,0,0,0,0,0,0,0,0,1,1,15.75
638,2,3,2,2,0,0,0,1,1,1,1,0,4,4,3,1,1,3,4,1,1,1,0,0,0,0,0,0,1,0,0,1,0,0,1,0,1,18.25
639,1,1,2,1,1,0,0,0,1,1,0,0,4,3,2,1,3,5,0,0,1,1,0,0,0,0,0,0,1,0,0,0,0,0,0,1,1,10.5
640,4,2,2,1,1,0,0,0,1,1,0,0,5,4,3,4,3,3,0,0,1,1,0,0,0,0,0,0,0,0,0,1,0,1,1,0,1,10.5
641,2,2,2,3,0,0,0,0,1,1,0,0,5,3,3,1,3,4,0,0,1,1,1,0,0,0,0,0,0,0,0,0,0,0,0,1,1,12.0
642,4,3,2,2,0,0,0,0,1,1,1,0,5,5,4,1,1,1,0,1,1,1,0,0,0,1,0,0,0,0,0,0,0,0,0,1,1,13.75
643,4,4,3,1,0,0,1,1,1,1,1,1,4,4,3,2,2,5,4,0,1,1,0,0,0,1,1,0,0,0,0,0,1,0,0,1,1,27.0
644,2,3,1,3,1,0,0,1,0,1,1,0,5,4,2,1,2,5,4,0,1,1,0,0,1,0,0,0,0,0,1,0,0,0,0,1,1,21.25
645,3,1,1,2,0,0,1,0,1,1,1,0,4,3,4,1,1,1,4,1,0,1,0,0,0,1,0,0,1,0,1,0,0,0,0,1,1,14.0
646,1,1,2,2,0,0,0,1,1,1,0,0,1,1,1,1,1,5,6,1,1,1,0,0,0,0,0,0,0,0,1,0,0,0,0,1,1,15.5
647,3,1,2,1,0,0,0,0,0,1,1,0,2,4,5,3,4,2,6,1,0,1,0,0,1,0,0,0,1,0,1,0,0,0,0,1,1,2.0
648,3,2,3,1,0,0,0,0,0,1,1,0,4,4,1,3,4,5,4,0,0,1,0,0,1,0,0,0,0,0,1,0,0,0,0,1,1,12.25
