,school,Medu,Fedu,guardian,traveltime,studytime,failures,schoolsup,famsup,activities,nursery,higher,internet,romantic,famrel,freetime,goout,Dalc,Walc,health,absences,address_type_Urban,famsize_BIG_FAMILY,Pstatus_Together,Mjob_at_home,Mjob_health,Mjob_services,Mjob_teacher,Fjob_at_home,Fjob_health,Fjob_services,Fjob_teacher,reason_course,reason_home,reason_reputation,tutor,Testcol
0,GP,4,4,mother,2,2,0,1,0,0,1,1,0,0,4,3,4,1,1,3,4,1,1,0,1,0,0,0,0,0,0,1,1,0,0,0,16.0
1,GP,1,1,father,1,2,0,0,1,0,0,1,1,0,5,3,3,1,1,3,2,1,1,1,1,0,0,0,0,0,0,0,1,0,0,0,15.5
2,GP,1,1,mother,1,2,0,1,0,0,1,1,1,0,4,3,2,2,3,3,6,1,0,1,1,0,0,0,0,0,0,0,0,0,0,0,7.5
3,GP,4,2,mother,1,3,0,0,1,1,1,1,1,1,3,2,2,1,1,5,0,1,1,1,0,1,0,0,0,0,1,0,0,1,0,0,26.5
4,GP,3,3,father,1,2,0,0,1,0,1,1,0,0,4,3,2,1,2,5,0,1,1,1,0,0,0,0,0,0,0,0,0,1,0,0,21.5
5,GP,4,3,mother,1,2,0,0,1,1,1,1,1,0,5,4,2,1,2,5,6,1,0,1,0,0,1,0,0,0,0,0,0,0,1,0,28.75
6,GP,2,2,mother,1,2,0,0,0,0,1,1,1,0,4,4,4,1,1,3,0,1,0,1,0,0,0,0,0,0,0,0,0,1,0,0,11.0
7,GP,4,4,mother,2,2,0,1,1,0,1,1,0,0,4,1,4,1,1,1,2,1,1,0,0,0,0,0,0,0,0,1,0,1,0,0,19.0
8,GP,3,2,mother,1,2,0,0,1,0,1,1,1,0,4,2,2,1,1,1,0,1,0,0,0,0,1,0,0,0,0,0,0,1,0,0,17.25
9,GP,3,4,mother,1,2,0,0,1,1,1,1,1,0,5,5,1,1,1,5,0,1,1,1,0,0,0,0,0,0,0,0,0,1,0,0,30.75
10,GP,4,4,mother,1,2,0,0,1,0,1,1,1,0,3,3,3,1,2,2,2,1,1,1,0,0,0,1,0,1,0,0,0,0,1,0,19.0
11,GP,2,1,father,3,3,0,0,1,1,1,1,1,0,5,2,2,1,1,4,0,1,1,1,0,0,1,0,0,0,0,0,0,0,1,0,23.75
12,GP,4,4,father,1,1,0,0,1,1,1,1,1,0,4,3,3,1,3,5,0,1,0,1,0,1,0,0,0,0,1,0,1,0,0,0,27.0
13,GP,4,3,mother,2,2,0,0,1,0,1,1,1,0,5,4,3,1,2,3,0,1,1,1,0,0,0,1,0,0,0,0,1,0,0,0,20.75
14,GP,2,2,other,1,3,0,0,1,0,1,1,1,1,4,5,2,1,1,3,0,1,1,0,0,0,0,0,0,0,0,0,0,1,0,0,18.0
15,GP,4,4,mother,1,1,0,0,1,0,1,1,1,0,4,4,4,1,2,2,6,1,1,1,0,1,0,0,0,0,0,0,0,1,0,0,19.0
16,GP,4,4,mother,1,3,0,0,1,1,1,1,1,0,3,2,3,1,2,2,10,1,1,1,0,0,1,0,0,0,1,0,0,0,1,0,24.0
17,GP,3,3,mother,3,2,0,1,1,1,1,1,0,0,5,3,2,1,1,4,2,1,1,1,0,0,0,0,0,0,0,0,0,0,1,0,27.5
18,GP,3,2,mother,1,1,3,0,1,1,1,1,1,0,5,5,5,2,4,5,2,1,1,1,0,0,1,0,0,0,1,0,1,0,0,1,20.25
19,GP,4,3,father,1,1,0,0,0,1,1,1,1,0,3,1,3,1,3,5,6,1,0,1,0,1,0,0,0,0,0,0,0,1,0,0,19.75
20,GP,4,3,mother,1,2,0,0,0,0,1,1,1,0,4,4,1,1,1,1,0,1,1,1,0,0,0,1,0,0,0,0,0,0,1,0,15.75
21,GP,4,4,father,1,1,0,0,1,0,1,1,1,0,5,4,2,1,1,5,0,1,1,1,0,1,0,0,0,1,0,0,0,0,0,1,26.0
22,GP,4,2,mother,1,2,0,0,0,1,1,1,1,0,4,5,1,1,3,5,0,1,0,1,0,0,0,1,0,0,0,0,1,0,0,0,21.5
23,GP,2,2,mother,2,2,0,0,1,1,1,1,1,0,5,4,4,2,4,5,2,1,0,1,0,0,0,0,0,0,0,0,0,0,1,0,20.0
24,GP,2,4,mother,1,3,0,1,1,1,1,1,1,0,4,3,2,1,1,5,2,0,1,1,0,0,1,0,0,1,0,0,1,0,0,0,27.5
25,GP,2,2,mother,1,1,0,0,1,0,0,1,1,0,1,2,2,1,3,5,6,1,1,1,0,0,1,0,0,0,1,0,0,1,0,0,15.0
26,GP,2,2,mother,1,1,0,0,1,0,1,1,1,0,4,2,2,1,2,5,8,1,1,1,0,0,0,0,0,0,0,0,0,1,0,0,19.0
27,GP,4,2,mother,1,1,0,0,0,0,1,1,1,0,2,2,4,2,4,1,0,1,1,1,0,1,0,0,0,0,1,0,0,0,0,0,5.5
28,GP,3,4,mother,1,2,0,1,1,1,1,1,1,0,5,3,3,1,1,5,2,1,0,0,0,0,1,0,0,0,0,0,0,1,0,1,28.75
29,GP,4,4,mother,1,2,0,0,1,1,1,1,1,1,4,4,5,5,5,5,4,1,1,1,0,0,0,1,0,0,0,1,0,1,0,1,19.0
30,GP,4,4,mother,1,2,0,0,1,0,0,1,1,0,5,4,2,3,4,5,0,1,1,1,0,1,0,0,0,0,1,0,0,1,0,1,21.0
31,GP,4,4,mother,2,2,0,0,1,1,1,1,1,0,4,3,1,1,1,5,2,1,1,1,0,0,1,0,0,0,1,0,0,0,1,0,31.0
32,GP,4,3,mother,1,2,0,0,1,1,1,1,1,1,4,5,2,1,1,5,0,0,1,1,0,0,0,1,1,0,0,0,1,0,0,0,28.75
33,GP,3,3,mother,1,2,0,0,0,1,0,1,1,0,5,3,2,1,1,2,0,1,0,1,0,0,0,0,0,0,0,0,1,0,0,0,20.5
34,GP,3,2,mother,1,1,0,0,1,0,0,1,1,0,5,4,3,1,1,5,4,1,1,1,0,0,0,0,0,0,0,0,0,1,0,0,21.25
35,GP,2,3,father,2,1,0,0,1,1,1,1,0,0,3,5,1,1,1,5,4,1,1,1,0,0,0,0,0,0,0,0,0,0,0,0,26.25
36,GP,4,3,mother,1,3,0,0,1,1,1,1,1,0,5,4,3,1,1,4,0,1,0,1,0,0,0,1,0,0,1,0,0,1,0,0,27.75
37,GP,4,4,mother,2,3,0,0,1,1,1,1,1,1,2,4,3,1,1,5,4,0,1,0,0,0,0,0,0,0,0,1,0,0,1,0,27.0
38,GP,3,4,mother,1,3,0,1,1,1,1,1,1,0,4,3,2,1,1,5,2,0,1,1,0,0,1,0,0,1,0,0,1,0,0,0,28.75
39,GP,2,2,mother,1,1,0,1,1,1,1,1,0,0,4,3,1,1,1,2,8,0,1,1,1,0,0,0,0,0,0,0,0,0,1,0,23.0
40,GP,2,2,mother,2,2,0,0,1,1,0,1,1,1,3,3,3,1,2,3,16,1,0,1,0,0,0,0,0,0,0,0,0,1,0,0,20.0
41,GP,4,4,other,1,1,0,0,1,0,0,1,1,1,5,4,3,2,4,5,8,1,0,1,0,0,0,1,0,0,0,0,0,1,0,0,21.0
42,GP,4,4,father,1,2,0,0,1,1,1,1,1,0,4,3,3,1,1,5,0,1,1,1,0,0,1,0,0,0,0,1,1,0,0,0,29.0
43,GP,2,2,father,1,1,0,1,1,0,1,1,1,0,5,4,1,1,1,1,0,1,1,1,0,0,1,0,0,0,1,0,1,0,0,0,18.0
44,GP,2,2,father,2,2,1,1,0,1,1,1,1,0,4,3,3,2,2,5,14,1,0,1,0,0,0,0,1,0,0,0,1,0,0,0,17.0
45,GP,4,3,mother,1,2,0,1,1,1,1,1,1,1,5,2,2,1,1,5,4,1,0,0,0,0,0,0,0,0,0,0,1,0,0,1,29.75
46,GP,3,3,mother,1,2,0,0,1,0,1,1,1,0,2,3,5,1,4,3,6,1,0,0,0,0,0,0,0,0,1,0,0,1,0,0,12.5
47,GP,4,3,mother,1,4,0,0,0,1,1,1,1,0,4,2,2,1,1,2,2,1,1,1,0,1,0,0,0,0,1,0,0,0,1,0,20.75
48,GP,4,2,mother,1,2,0,0,1,0,1,1,0,0,4,3,3,2,2,5,4,1,1,1,0,0,0,1,0,0,0,0,0,1,0,0,19.5
49,GP,4,4,father,1,2,0,1,1,1,0,1,1,0,4,4,4,1,1,3,2,1,1,1,0,0,1,0,0,0,0,1,0,0,0,0,26.0
50,GP,2,2,mother,3,2,0,0,1,0,1,1,1,0,4,3,3,2,3,4,0,1,0,1,0,0,1,0,0,0,1,0,1,0,0,0,15.0
51,GP,4,2,mother,1,2,0,0,1,0,1,1,1,0,4,3,3,1,1,5,0,1,0,1,0,1,0,0,0,0,0,0,0,0,0,0,21.5
52,GP,4,2,father,2,1,0,0,0,0,1,1,0,0,5,5,5,3,4,5,4,1,0,0,0,1,0,0,0,1,0,0,0,0,0,0,10.5
53,GP,4,4,mother,1,1,0,1,1,0,1,1,1,0,3,3,4,2,3,5,0,1,1,1,0,0,1,0,0,0,1,0,1,0,0,0,19.0
54,GP,3,3,mother,1,1,0,0,0,0,1,1,1,0,5,3,4,4,4,1,0,1,0,0,0,0,0,0,0,0,0,0,0,0,0,0,6.5
55,GP,2,1,mother,1,2,0,0,0,1,1,1,1,1,5,3,4,1,1,2,2,1,1,0,0,0,0,0,0,0,0,0,0,0,0,0,14.75
56,GP,4,3,mother,1,2,0,0,1,1,1,1,1,0,4,3,2,1,1,1,0,1,1,0,0,0,1,0,0,0,1,0,0,0,1,0,24.75
57,GP,4,4,mother,1,2,0,0,1,1,1,1,0,0,3,2,2,1,1,5,8,1,1,1,0,0,0,1,0,1,0,0,0,0,1,0,29.0
58,GP,1,2,father,1,2,0,1,1,1,1,1,1,0,4,3,2,1,1,5,0,1,0,1,0,0,0,0,1,0,0,0,0,1,0,0,23.75
59,GP,4,2,mother,1,2,0,0,1,0,1,1,1,0,4,2,3,1,1,5,2,1,1,1,0,0,1,0,0,0,0,0,1,0,0,1,21.5
60,GP,4,4,mother,1,2,0,0,1,1,1,1,0,0,2,4,4,2,3,4,0,0,1,1,0,1,0,0,0,0,0,1,0,0,0,0,22.0
61,GP,1,1,father,4,1,0,1,1,1,0,1,1,1,5,5,5,5,5,5,0,1,1,1,0,0,1,0,0,0,1,0,1,0,0,0,12.5
62,GP,1,2,father,1,2,0,1,0,1,1,1,1,0,4,4,3,1,1,1,0,1,0,1,0,0,0,0,0,0,1,0,0,0,1,0,13.75
63,GP,4,3,mother,1,3,0,1,1,1,1,1,1,0,3,4,4,2,4,4,0,1,1,1,0,0,0,1,0,1,0,0,0,1,0,0,20.75
64,GP,4,3,father,1,2,0,1,0,1,1,1,1,1,4,4,4,2,4,2,0,1,0,1,0,0,1,0,0,0,1,0,0,0,1,0,14.75
65,GP,4,3,mother,3,2,0,0,1,1,1,1,1,0,5,4,3,1,2,1,2,1,0,1,0,0,0,1,0,0,1,0,1,0,0,0,23.75
66,GP,4,4,mother,1,4,0,0,1,1,0,1,1,1,1,3,3,5,5,3,0,1,1,0,0,0,0,0,0,0,1,0,0,0,1,0,16.0
67,GP,3,1,mother,1,4,0,1,1,0,1,1,1,0,4,3,3,1,2,5,0,1,1,1,0,0,1,0,0,0,0,0,1,0,0,0,18.0
68,GP,2,2,mother,2,2,0,1,1,0,1,1,1,0,4,1,3,1,3,4,0,0,0,1,0,1,0,0,0,0,1,0,0,0,1,0,16.0
69,GP,3,1,father,2,4,0,0,1,0,0,1,1,0,4,4,2,2,3,3,6,0,0,1,0,0,0,0,0,0,0,0,0,0,1,0,15.0
70,GP,3,1,father,2,4,0,0,1,0,1,1,1,0,4,3,2,1,1,5,2,1,1,1,0,0,0,0,0,0,0,0,0,0,1,0,20.0
71,GP,4,2,mother,1,4,0,0,0,0,1,1,1,0,3,3,3,1,1,3,0,1,1,1,0,0,0,0,0,0,0,0,1,0,0,0,13.5
72,GP,1,1,mother,1,2,0,1,1,0,0,1,1,1,3,3,4,2,4,5,2,0,1,1,0,0,0,0,0,0,0,0,0,0,1,0,10.5
73,GP,3,1,mother,1,1,0,0,0,1,1,1,0,0,5,3,2,2,2,5,0,1,1,1,0,0,0,0,0,0,0,0,0,0,1,0,19.0
74,GP,3,3,mother,1,2,0,1,1,1,1,1,1,0,4,3,3,2,4,5,4,1,1,1,0,0,0,0,0,0,1,0,0,1,0,0,22.5
75,GP,4,3,mother,1,2,0,0,1,1,1,1,1,0,4,3,3,2,3,5,0,1,1,1,0,0,0,1,0,0,0,0,0,1,0,0,24.75
76,GP,4,0,mother,2,4,0,0,0,1,1,1,1,0,3,4,3,1,1,1,0,1,1,1,0,0,0,1,0,0,0,0,1,0,0,0,14.0
77,GP,2,2,mother,1,4,0,0,0,0,1,1,1,1,5,2,3,1,3,3,1,1,1,1,0,0,0,0,0,0,0,0,0,0,1,0,11.0
78,GP,2,1,mother,2,1,3,1,1,1,1,0,1,0,4,5,1,1,1,3,0,1,1,1,0,0,0,0,0,0,0,0,0,1,0,0,17.75
79,GP,3,4,mother,1,2,0,0,1,0,1,1,1,0,2,4,3,1,2,3,14,1,1,1,1,0,0,0,0,0,0,0,1,0,0,0,17.75
80,GP,2,3,father,1,1,0,1,1,1,0,1,1,1,3,2,2,1,3,3,0,1,1,1,0,0,0,0,0,0,1,0,1,0,0,0,21.25
81,GP,2,3,mother,1,3,0,1,0,0,0,1,1,0,5,3,2,1,2,5,2,1,1,1,0,0,0,0,0,0,0,0,0,1,0,0,16.25
82,GP,3,2,mother,1,2,0,0,1,0,1,1,1,0,4,4,4,1,1,5,4,1,0,1,0,0,1,0,0,0,0,0,0,0,1,0,19.25
83,GP,2,2,mother,2,2,0,0,0,1,1,1,1,0,5,3,3,1,3,4,2,1,0,1,0,0,1,0,0,0,1,0,0,1,0,1,17.0
84,GP,1,1,father,1,2,0,0,1,1,0,1,1,0,4,3,2,2,3,4,2,1,1,1,0,0,0,0,0,0,0,0,0,1,0,0,18.5
85,GP,4,4,father,2,2,0,0,0,0,1,1,1,1,4,4,4,2,3,5,4,1,1,1,0,0,1,0,0,0,1,0,0,0,1,0,15.0
86,GP,2,2,mother,1,2,0,0,1,0,1,1,0,0,4,3,4,1,2,2,6,1,0,1,1,0,0,0,0,0,0,0,1,0,0,0,14.0
87,GP,4,2,mother,1,3,0,0,1,1,1,1,1,0,5,3,3,1,3,1,4,1,1,1,0,0,0,0,0,0,0,0,0,0,1,0,21.5
88,GP,2,2,father,2,2,0,0,0,1,0,1,1,0,4,4,2,1,1,3,6,1,1,1,0,0,1,0,0,0,0,0,0,0,1,0,18.0
89,GP,4,4,mother,1,2,0,0,1,0,1,1,0,0,4,1,3,3,5,5,6,1,0,0,0,0,0,1,0,1,0,0,0,0,1,0,18.0
90,GP,3,3,mother,1,3,0,0,1,0,1,1,1,1,4,3,3,1,3,4,2,1,1,1,0,0,0,0,0,0,0,0,0,1,0,0,18.5
91,GP,4,3,mother,1,1,0,0,0,1,1,1,1,0,4,5,5,1,3,1,6,1,1,1,0,0,1,0,0,0,0,0,0,0,1,0,14.75
92,GP,3,1,father,1,2,0,1,1,0,1,1,0,0,3,3,3,2,3,2,0,1,0,1,0,0,0,0,0,0,0,0,0,1,0,0,12.0
93,GP,4,2,mother,2,2,0,0,1,1,1,1,1,0,5,3,3,1,1,1,2,1,1,1,0,0,0,1,0,0,1,0,0,1,0,0,23.5
94,GP,2,2,mother,1,4,0,0,1,1,1,1,1,0,4,3,4,1,1,4,2,1,0,1,0,0,1,0,0,1,0,0,0,0,1,0,22.0
95,GP,1,1,mother,2,4,0,1,1,1,1,1,1,0,3,1,2,1,1,1,4,0,1,1,1,0,0,0,0,0,0,0,0,1,0,1,17.5
96,GP,4,3,mother,2,1,0,1,1,1,0,1,1,0,3,3,3,1,1,4,6,0,1,1,0,0,1,0,0,0,0,0,0,0,1,1,25.75
97,GP,2,1,mother,1,2,0,0,1,0,1,1,0,1,4,3,5,1,1,5,0,1,1,1,0,0,0,0,0,0,0,0,1,0,0,0,15.75
98,GP,4,4,mother,1,1,0,0,0,1,0,1,1,0,5,3,4,1,2,1,4,1,1,1,0,0,0,0,0,0,0,0,0,0,1,0,19.0
99,GP,4,3,mother,1,3,0,1,1,0,1,1,1,0,5,3,5,1,1,3,2,1,1,1,0,0,0,0,1,0,0,0,1,0,0,0,19.75
100,GP,4,4,mother,1,1,0,1,1,1,1,1,1,0,4,5,5,5,5,4,12,1,1,1,0,0,1,0,0,0,1,0,0,0,0,0,18.0
101,GP,4,4,father,1,3,0,0,1,1,1,1,1,1,4,4,3,1,1,4,0,1,1,1,0,0,1,0,0,0,0,1,0,0,0,0,28.0
102,GP,4,4,mother,1,1,0,0,1,1,0,1,1,0,5,3,3,1,1,5,2,1,1,1,0,0,1,0,0,0,0,0,1,0,0,1,30.0
103,GP,3,2,mother,2,2,0,1,1,0,1,1,1,0,4,3,5,1,1,2,16,1,1,1,0,0,1,0,0,0,0,0,0,1,0,0,15.25
104,GP,3,4,mother,1,2,0,0,1,1,1,1,1,0,5,4,4,1,1,1,0,1,1,0,0,0,1,0,0,0,0,0,1,0,0,0,23.75
105,GP,3,3,father,1,4,0,1,0,0,1,1,0,0,4,3,3,1,1,4,10,1,1,0,0,0,0,0,0,1,0,0,0,0,1,0,15.5
106,GP,2,2,mother,1,4,0,1,1,0,1,1,1,0,5,1,2,1,1,3,4,1,1,1,0,0,0,0,0,0,0,0,1,0,0,0,19.0
107,GP,3,3,father,1,3,0,0,1,1,1,1,1,0,5,3,3,1,1,5,4,1,1,1,0,0,1,0,0,0,0,0,0,1,0,0,27.5
108,GP,4,4,father,4,4,0,0,1,1,1,1,1,1,1,3,5,3,5,1,8,0,1,1,0,0,0,0,0,0,0,0,0,1,0,0,14.0
109,GP,4,4,mother,1,3,0,0,1,1,1,1,1,1,5,4,5,1,1,4,2,1,0,1,0,1,0,0,0,1,0,0,0,0,0,0,27.0
110,GP,4,4,mother,1,1,0,0,0,1,1,1,1,0,5,5,3,1,1,4,4,1,0,0,0,0,0,1,0,0,0,1,1,0,0,0,24.0
111,GP,3,3,father,1,3,0,1,1,1,1,1,1,0,4,1,2,1,1,2,4,0,1,1,0,0,1,0,0,0,0,0,0,0,1,0,24.5
112,GP,2,2,mother,1,2,1,1,0,1,1,1,1,0,3,1,2,1,1,5,12,1,1,1,1,0,0,0,0,0,0,0,0,1,0,0,19.0
113,GP,4,2,mother,1,1,0,0,0,0,1,1,1,0,3,5,2,1,1,3,10,1,0,1,0,0,0,1,0,0,0,0,1,0,0,0,14.5
114,GP,2,1,mother,1,2,0,0,0,1,1,1,1,1,5,4,2,1,1,5,4,0,1,1,0,1,0,0,0,0,1,0,0,0,1,0,19.75
115,GP,4,4,father,1,2,0,0,1,1,1,1,1,0,5,4,4,1,2,5,6,1,1,1,0,0,0,1,0,0,0,1,1,0,0,0,28.0
116,GP,4,4,father,2,2,0,0,1,1,1,1,0,0,4,4,3,1,1,2,4,1,1,1,0,0,0,0,0,0,0,1,0,0,1,0,26.0
117,GP,3,3,father,2,1,0,0,0,1,1,1,1,0,5,4,2,1,1,5,6,1,1,1,0,0,0,0,0,0,1,0,0,1,0,0,23.5
118,GP,1,3,father,3,2,1,0,1,1,1,1,1,0,5,2,4,1,4,5,14,0,1,1,0,0,0,0,0,0,0,0,1,0,0,0,21.0
119,GP,3,4,father,1,1,0,0,0,0,1,1,1,0,3,4,3,1,2,4,2,1,1,1,0,0,0,0,0,0,0,0,0,0,1,0,14.75
120,GP,1,2,mother,1,2,0,0,0,0,0,1,1,0,3,2,3,1,2,1,0,1,1,1,1,0,0,0,0,0,1,0,1,0,0,0,6.75
121,GP,2,2,father,1,4,0,0,1,1,1,1,1,0,5,5,4,1,2,5,6,1,1,1,0,0,1,0,0,0,1,0,0,1,0,0,23.0
122,GP,2,4,father,2,2,0,0,1,1,1,1,1,1,4,2,2,1,2,5,2,1,0,1,0,0,0,0,0,1,0,0,1,0,0,0,26.5
123,GP,4,4,mother,1,1,0,0,1,1,1,1,1,0,3,4,4,1,4,5,4,1,1,1,0,1,0,0,0,0,0,0,1,0,0,0,24.0
124,GP,2,2,mother,1,2,0,0,0,0,1,1,1,1,5,4,4,1,1,5,0,1,1,1,0,0,0,0,0,0,0,0,0,1,0,0,14.0
125,GP,3,4,father,1,1,0,1,0,0,1,1,1,0,5,5,5,3,2,5,2,1,1,1,0,0,1,0,0,0,1,0,0,1,0,0,13.75
126,GP,3,4,mother,1,2,0,1,0,1,1,1,1,1,5,3,2,1,1,1,0,1,0,0,0,0,0,0,0,0,0,0,0,1,0,0,20.75
127,GP,0,1,other,1,2,2,0,1,0,0,0,0,0,3,4,2,1,1,5,0,1,1,1,1,0,0,0,0,0,0,0,1,0,0,0,10.25
128,GP,4,4,mother,1,1,0,0,0,1,1,1,1,0,3,5,5,2,5,4,8,0,1,1,0,0,0,1,0,0,0,1,1,0,0,0,15.0
129,GP,2,3,mother,2,3,0,0,1,0,0,1,1,1,3,2,3,2,2,1,4,1,1,1,0,0,0,0,0,0,0,0,1,0,0,0,13.25
130,GP,3,4,father,2,3,0,0,1,0,1,1,1,1,4,2,2,2,2,5,0,0,1,1,0,0,1,0,0,0,0,1,1,0,0,0,21.75
131,GP,2,1,mother,1,2,3,0,1,1,1,0,1,1,5,4,5,1,3,5,10,1,1,1,0,0,1,0,0,0,0,0,0,0,1,0,14.75
132,GP,2,1,mother,3,1,0,0,1,0,1,1,1,0,3,2,2,1,2,5,8,1,0,0,0,0,0,0,0,0,0,0,1,0,0,0,16.75
133,GP,1,1,mother,3,1,0,0,1,1,0,1,1,1,4,3,3,1,2,4,6,1,1,1,1,0,0,0,0,0,0,0,1,0,0,0,19.5
134,GP,2,2,father,1,1,0,0,1,0,1,1,1,1,3,4,4,1,3,5,2,1,0,1,0,0,0,0,0,0,0,0,1,0,0,0,15.0
135,GP,3,4,father,1,1,0,0,0,0,1,1,1,0,3,2,1,1,4,5,12,1,1,0,0,0,1,0,0,0,0,0,1,0,0,0,15.75
136,GP,2,1,mother,4,1,0,0,0,0,1,1,0,0,3,2,1,1,1,2,4,1,1,1,1,0,0,0,0,0,0,0,1,0,0,0,10.75
137,GP,2,2,mother,1,1,1,0,0,0,1,1,0,0,5,3,4,1,1,5,12,1,1,0,0,0,0,0,0,0,0,0,0,1,0,0,14.0
138,GP,3,4,mother,4,2,0,0,1,0,1,1,0,1,5,3,3,1,1,5,2,0,1,1,1,0,0,0,0,0,0,1,1,0,0,0,23.75
139,GP,4,4,mother,1,3,0,0,1,1,1,1,1,1,4,3,3,1,1,5,4,1,1,1,0,0,1,0,1,0,0,0,1,0,0,0,29.0
140,GP,3,4,mother,3,2,0,0,0,0,1,1,0,0,5,4,5,2,4,5,2,0,1,1,1,0,0,0,0,0,0,0,1,0,0,0,12.75
141,GP,1,1,mother,4,2,0,0,1,0,1,1,0,0,5,1,3,1,1,3,0,0,1,1,1,0,0,0,0,0,0,0,1,0,0,0,15.5
142,GP,3,1,mother,2,1,0,0,0,1,1,1,1,1,3,3,4,4,5,4,2,1,0,1,0,0,1,0,0,0,1,0,1,0,0,0,9.0
143,GP,3,2,other,1,3,0,0,1,1,0,1,1,1,4,3,3,5,1,5,10,1,1,0,0,0,0,0,0,0,1,0,1,0,0,0,21.25
144,GP,1,1,mother,2,1,0,0,1,1,1,1,0,1,3,3,3,1,2,1,8,0,1,1,0,0,0,0,0,0,1,0,0,0,1,0,15.5
145,GP,3,3,other,2,1,0,0,1,1,0,1,1,1,4,3,2,1,1,5,4,1,1,0,0,0,0,0,0,0,0,0,1,0,0,0,27.5
146,GP,1,1,mother,1,2,2,0,0,0,1,1,0,1,4,4,4,1,3,5,0,1,0,1,0,0,1,0,0,0,0,0,1,0,0,0,8.5
147,GP,4,4,mother,2,1,0,0,0,1,1,1,1,0,4,3,2,1,1,5,6,1,1,1,0,0,0,1,0,0,0,1,1,0,0,0,25.0
148,GP,1,1,mother,3,1,1,0,0,1,1,1,1,1,5,5,5,1,1,1,2,0,1,1,0,0,0,0,0,0,0,0,1,0,0,0,11.5
149,GP,4,3,father,2,4,0,1,1,0,1,1,1,0,2,2,2,1,1,3,6,1,1,1,0,0,0,1,0,0,1,0,1,0,0,0,19.75
150,GP,3,3,mother,1,2,0,0,0,0,0,1,0,1,1,3,2,2,3,1,24,1,1,0,0,0,1,0,0,0,1,0,0,1,0,0,7.5
151,GP,4,4,mother,1,3,0,0,1,1,1,1,1,0,5,3,3,1,3,5,0,1,1,1,0,0,1,0,0,0,1,0,1,0,0,0,28.0
152,GP,2,2,father,2,1,0,0,1,1,1,1,1,0,2,3,3,2,2,2,4,1,0,1,0,0,1,0,0,0,1,0,0,0,1,0,17.0
153,GP,4,4,mother,1,3,0,0,1,1,1,1,1,0,4,2,2,1,1,5,2,1,1,1,0,0,0,1,0,0,1,0,1,0,0,0,30.0
154,GP,1,1,mother,1,1,0,0,0,0,1,1,1,0,3,4,4,3,3,1,4,1,0,1,1,0,0,0,1,0,0,0,1,0,0,0,1.5
155,GP,2,1,mother,1,1,0,0,1,0,1,1,1,0,5,4,5,1,2,5,22,1,1,1,0,0,0,0,0,0,0,0,0,1,0,0,15.75
156,GP,1,1,father,1,2,0,0,1,0,1,1,1,0,4,4,2,1,2,5,0,1,1,1,0,0,0,0,0,0,1,0,1,0,0,0,16.5
157,GP,2,1,mother,2,1,0,0,1,1,1,0,1,1,4,4,2,1,1,5,0,1,0,0,1,0,0,0,0,0,0,0,0,1,0,0,18.75
158,GP,3,2,father,1,2,1,0,1,0,1,1,1,0,3,3,2,1,1,3,2,1,1,1,0,1,0,0,0,0,1,0,0,1,0,0,18.25
159,GP,1,2,mother,1,2,0,0,1,0,0,1,1,0,4,3,2,1,1,5,6,1,1,1,1,0,0,0,0,0,0,0,1,0,0,0,18.75
160,GP,1,2,father,1,2,0,0,0,0,0,1,0,1,2,3,4,2,4,1,6,1,1,1,1,0,0,0,0,0,1,0,1,0,0,0,1.75
161,GP,4,4,mother,1,1,0,0,1,0,1,0,1,1,3,3,2,2,1,5,16,1,1,1,0,0,0,1,0,0,0,1,1,0,0,0,18.0
162,GP,2,1,mother,4,1,0,0,0,0,1,1,1,0,4,5,5,2,5,5,0,1,0,0,0,0,1,0,0,0,0,0,1,0,0,0,5.75
163,GP,1,1,mother,1,1,2,0,0,0,1,0,1,1,2,3,5,2,5,4,0,1,0,1,0,0,0,0,0,0,0,0,1,0,0,0,-3.5
164,GP,2,1,mother,1,1,1,0,0,1,1,1,0,1,4,4,4,3,5,5,6,1,0,1,1,0,0,0,0,0,0,0,1,0,0,0,10.75
165,GP,3,3,other,2,3,0,0,1,1,1,1,1,1,4,2,1,2,3,3,2,0,1,1,0,0,1,0,0,0,1,0,0,0,1,1,23.5
166,GP,3,2,mother,1,1,0,0,1,0,1,0,1,1,4,5,4,1,1,4,6,1,1,1,0,0,1,0,1,0,0,0,0,1,0,0,13.25
167,GP,4,4,mother,1,1,0,1,1,0,1,1,0,1,4,2,1,1,1,4,0,1,1,1,0,0,0,0,0,0,0,1,1,0,0,0,25.0
168,GP,2,3,mother,1,2,0,1,0,1,1,1,0,0,4,4,4,1,1,1,0,0,1,1,1,0,0,0,0,0,1,0,1,0,0,1,15.25
169,GP,1,2,mother,1,1,3,0,0,0,1,1,0,0,2,2,2,3,3,5,14,0,0,1,0,0,0,0,0,0,0,0,0,0,1,0,7.75
170,GP,1,1,mother,3,1,3,0,1,1,0,1,0,0,5,2,5,1,5,4,6,0,1,1,1,0,0,0,0,0,0,0,1,0,0,0,15.5
171,GP,2,2,mother,3,1,0,0,0,0,0,1,0,0,4,2,2,1,2,3,4,0,1,1,1,0,0,0,0,0,0,0,1,0,0,0,12.0
172,GP,3,3,father,1,2,1,0,1,0,1,1,1,1,4,5,5,4,4,5,0,1,1,1,0,0,0,0,0,0,1,0,1,0,0,0,13.5
173,GP,1,2,mother,2,1,2,0,0,0,0,1,1,0,4,4,5,3,5,5,0,1,0,1,0,1,0,0,0,0,1,0,1,0,0,0,4.75
174,GP,2,1,mother,2,1,1,0,0,1,1,0,1,1,3,3,2,2,2,5,8,0,0,1,1,0,0,0,0,0,0,0,1,0,0,1,10.75
175,GP,3,2,mother,2,2,2,1,1,0,1,1,1,1,4,4,4,1,4,3,4,0,1,1,0,0,0,0,0,0,0,0,1,0,0,0,14.25
176,GP,1,2,mother,2,1,0,0,0,1,1,1,0,0,4,4,4,2,4,5,2,1,0,1,0,0,0,0,0,0,0,0,1,0,0,0,12.75
177,GP,1,3,father,1,1,1,0,0,0,1,0,1,0,5,3,3,1,4,2,2,1,1,1,1,0,0,0,0,0,1,0,1,0,0,0,4.0
178,GP,1,1,mother,4,2,0,0,0,1,1,0,0,1,5,3,5,1,5,5,0,0,0,1,0,0,0,0,0,0,1,0,1,0,0,0,6.5
179,GP,3,2,mother,2,1,3,0,1,1,0,0,0,0,4,5,2,1,1,2,10,1,1,1,0,0,1,0,0,0,1,0,1,0,0,0,18.25
180,GP,2,2,father,1,2,0,0,0,0,1,0,1,0,4,3,5,2,4,4,0,1,1,1,0,0,0,0,0,0,0,0,1,0,0,0,2.0
181,GP,4,2,father,1,2,0,0,0,0,1,1,1,1,4,2,3,1,1,3,0,1,1,1,0,1,0,0,0,0,1,0,0,1,0,0,14.5
182,GP,2,2,mother,1,2,0,0,1,0,0,1,1,0,5,1,5,1,1,4,0,1,1,1,0,0,0,0,0,0,0,0,0,1,0,0,17.0
183,GP,4,4,mother,1,2,0,0,1,0,1,1,1,1,4,4,2,1,1,3,0,1,1,1,0,1,0,0,0,1,0,0,0,0,1,0,23.0
184,GP,3,4,father,3,1,1,0,1,1,0,1,1,0,3,4,5,2,4,2,4,1,1,1,0,0,0,0,0,0,0,0,1,0,0,0,17.75
185,GP,1,0,mother,2,2,0,0,1,1,1,1,1,1,4,3,2,1,1,3,0,1,1,1,0,0,0,0,0,0,0,0,0,0,1,0,19.25
186,GP,4,4,mother,1,2,0,0,1,1,1,1,1,0,4,4,4,1,3,5,0,1,0,1,0,0,0,1,0,0,0,0,0,0,1,0,26.0
187,GP,1,3,mother,1,2,0,0,0,1,0,1,1,1,4,3,5,1,1,3,0,1,1,1,1,0,0,0,0,0,1,0,0,1,0,0,15.0
188,GP,3,3,mother,2,2,0,0,1,1,1,1,1,0,4,4,5,1,1,4,0,1,0,1,0,0,0,0,0,0,0,0,0,0,1,0,23.5
189,GP,4,3,mother,2,2,0,0,0,1,1,1,1,0,4,4,4,4,4,4,0,1,0,1,0,0,0,1,0,0,0,0,1,0,0,0,14.75
190,GP,2,2,mother,2,2,0,0,0,1,0,1,1,0,3,4,4,1,4,5,0,1,1,1,0,0,1,0,0,0,0,0,0,0,1,0,14.0
191,GP,3,3,father,1,2,0,0,0,1,0,1,1,0,4,3,4,1,4,4,4,1,1,1,0,0,0,0,0,0,0,0,0,0,1,0,16.5
192,GP,4,2,mother,1,1,0,0,1,1,1,1,1,1,4,3,3,3,4,3,8,0,1,1,0,0,0,1,0,0,1,0,0,0,0,0,19.5
193,GP,4,3,mother,1,2,0,0,1,1,1,1,1,1,5,2,3,1,1,2,4,1,1,1,0,0,0,0,0,0,0,0,1,0,0,1,25.75
194,GP,4,3,mother,1,2,0,0,1,1,1,1,1,0,3,4,3,2,3,3,4,1,1,1,0,0,0,1,0,0,0,0,0,1,0,1,21.75
195,GP,3,3,mother,1,2,0,0,0,1,1,1,1,1,4,2,3,1,2,3,0,1,1,1,0,0,1,0,0,0,0,0,0,1,0,0,18.5
196,GP,2,4,father,1,2,0,0,1,1,1,1,0,0,5,4,2,2,3,5,0,1,1,1,0,0,1,0,0,0,1,0,0,0,1,0,25.5
197,GP,3,3,mother,1,2,0,0,1,1,1,1,1,1,5,3,3,2,3,1,32,1,0,1,0,0,0,0,0,0,0,0,0,0,1,0,20.5
198,GP,3,2,mother,1,2,0,0,1,0,1,1,1,0,1,2,2,1,2,1,8,1,1,1,0,0,0,0,0,0,0,0,0,0,1,0,13.25
199,GP,3,3,mother,1,2,0,0,1,1,1,1,1,1,4,3,4,2,3,4,6,1,1,1,0,0,1,0,0,0,1,0,0,0,0,0,21.5
200,GP,1,2,mother,1,1,0,0,1,1,1,1,1,1,3,3,3,1,2,3,0,1,1,1,0,0,1,0,0,0,1,0,0,0,0,0,18.75
201,GP,2,1,mother,1,2,0,0,0,1,1,1,1,1,4,2,3,1,2,5,0,1,0,1,0,0,0,0,0,0,0,0,1,0,0,0,16.75
202,GP,3,3,mother,1,2,0,0,1,0,0,1,1,1,3,3,3,1,3,3,10,1,1,0,0,1,0,0,0,0,0,0,0,0,1,0,16.5
203,GP,1,2,mother,1,2,0,0,0,0,1,1,0,0,3,1,3,1,5,3,6,0,1,1,1,0,0,0,0,0,0,0,0,1,0,0,5.75
204,GP,2,3,mother,1,2,0,0,0,0,1,1,1,0,4,3,3,1,1,2,6,1,1,1,0,0,1,0,0,0,1,0,1,0,0,0,12.25
205,GP,1,1,mother,1,2,0,0,0,1,1,1,1,0,5,3,3,1,1,3,0,1,1,1,1,0,0,0,0,0,1,0,1,0,0,0,15.5
206,GP,1,2,other,2,2,0,0,0,1,0,1,1,0,4,4,4,4,5,5,16,1,1,1,1,0,0,0,0,0,1,0,0,0,0,0,9.75
207,GP,3,3,mother,1,1,0,0,1,1,1,1,1,0,4,3,2,3,4,5,0,0,1,1,0,0,1,0,0,0,1,0,0,0,1,0,22.5
208,GP,2,3,father,2,1,0,0,0,0,1,1,1,0,5,3,3,1,1,3,0,1,1,1,0,0,0,0,0,0,0,0,0,1,0,0,14.25
209,GP,2,4,father,1,2,0,0,0,1,1,1,1,1,4,3,2,1,1,5,8,1,0,1,0,0,1,0,0,0,1,0,1,0,0,0,22.5
210,GP,4,4,mother,1,1,0,0,0,0,1,1,1,0,5,2,3,1,2,5,4,1,1,1,0,0,1,0,0,0,0,1,0,1,0,0,19.0
211,GP,3,3,father,3,1,0,0,1,1,1,1,1,0,3,3,4,3,5,3,16,0,0,1,0,0,0,1,0,0,0,0,0,1,0,0,16.5
212,GP,4,4,mother,2,1,1,0,1,0,1,1,1,0,4,2,4,2,3,2,30,1,1,1,0,0,1,0,0,0,0,1,0,1,0,0,17.0
213,GP,4,4,mother,1,2,0,0,1,0,1,1,1,0,4,5,2,1,2,3,0,1,0,1,0,0,0,1,0,0,0,1,0,0,1,0,22.0
214,GP,4,3,mother,1,2,0,0,1,1,1,1,1,0,4,3,5,1,5,2,2,1,1,1,0,1,0,0,0,0,0,0,0,1,0,0,18.75
215,GP,2,3,mother,1,2,0,1,1,1,1,1,0,0,4,4,3,1,3,4,4,1,1,1,0,0,0,0,0,0,0,0,0,0,1,0,22.25
216,GP,1,1,mother,1,2,0,0,1,0,0,1,0,0,4,4,4,1,3,1,0,1,1,1,0,0,0,0,0,0,0,0,1,0,0,0,9.5
217,GP,2,2,mother,1,1,0,0,1,0,1,1,1,0,5,3,2,1,2,3,21,0,1,1,0,0,0,0,0,0,0,0,0,0,1,0,18.0
218,GP,2,2,mother,2,4,0,0,1,1,0,1,1,0,5,3,5,1,1,5,6,0,1,1,0,0,1,0,0,0,1,0,0,0,1,0,23.0
219,GP,3,4,mother,1,3,1,0,1,0,1,1,1,1,4,4,3,3,4,5,14,1,1,1,1,0,0,0,0,0,1,0,0,1,0,1,17.75
220,GP,3,1,mother,1,2,0,0,1,0,1,1,1,0,2,3,3,2,2,4,2,1,1,0,0,0,1,0,0,0,0,0,1,0,0,0,14.0
221,GP,4,3,mother,1,2,0,0,0,1,1,1,1,1,1,3,2,1,1,1,4,1,1,1,0,0,0,1,0,0,0,0,0,0,0,0,16.75
222,GP,1,1,mother,2,1,0,0,1,0,1,1,0,0,4,3,2,1,4,5,2,1,1,1,1,0,0,0,0,0,0,0,0,1,0,0,14.5
223,GP,4,3,mother,2,3,0,0,1,1,1,1,1,1,4,4,2,1,1,4,0,0,1,1,0,0,0,1,0,0,0,0,0,0,1,0,27.75
224,GP,3,3,other,1,4,0,0,1,1,1,1,1,0,4,3,3,1,2,3,4,1,1,1,0,0,0,0,0,0,0,0,0,0,1,0,23.5
225,GP,4,4,mother,1,2,0,0,1,0,1,1,1,1,5,3,5,4,5,3,15,1,0,1,0,0,1,0,0,0,0,0,0,1,0,0,14.0
226,GP,2,2,mother,1,2,0,1,1,0,1,1,1,0,3,3,4,1,1,4,0,1,1,0,0,0,0,0,0,0,0,0,0,0,1,0,16.0
227,GP,2,2,mother,1,2,0,0,1,1,1,1,1,0,4,4,4,2,4,5,10,1,1,1,0,0,1,0,0,0,0,0,0,1,0,0,19.0
228,GP,4,4,mother,1,1,0,0,1,0,1,1,0,0,5,2,1,1,2,3,6,0,0,1,0,0,1,0,0,0,0,0,0,0,0,0,24.0
229,GP,3,2,mother,2,2,0,0,0,0,1,1,1,0,4,4,4,1,3,1,2,1,0,1,0,0,0,0,0,0,0,0,0,0,1,0,8.25
230,GP,4,3,mother,1,2,0,0,0,0,1,1,1,1,3,4,5,2,4,1,16,1,1,1,0,0,0,0,0,0,0,0,0,0,1,0,6.75
231,GP,3,3,father,1,2,0,0,1,0,1,1,1,0,3,2,4,2,4,4,10,1,0,1,0,0,1,0,0,1,0,0,0,1,0,0,14.5
232,GP,2,3,father,2,1,0,0,1,0,1,1,0,0,3,3,3,1,4,3,4,1,1,1,1,0,0,0,0,0,0,0,0,1,0,0,14.25
233,GP,2,2,mother,1,3,0,0,1,1,1,1,1,0,4,3,3,1,1,4,0,1,1,1,1,0,0,0,1,0,0,0,1,0,0,0,23.0
234,GP,2,1,mother,2,2,0,0,1,1,1,1,1,0,4,2,5,1,2,5,0,0,1,1,1,0,0,0,0,0,1,0,0,0,1,0,19.75
235,GP,1,1,mother,1,3,0,0,1,1,1,1,0,1,4,3,4,1,1,5,12,1,1,1,1,0,0,0,0,0,0,0,0,0,1,0,20.5
236,GP,2,3,mother,1,2,0,1,0,0,1,1,1,0,2,3,1,1,1,3,0,1,1,1,0,0,1,0,0,0,0,1,0,0,0,0,13.25
237,GP,2,2,mother,2,2,3,0,1,0,1,1,1,0,3,3,3,5,5,4,9,1,1,1,0,0,0,0,0,0,0,0,0,1,0,1,9.0
238,GP,4,4,mother,1,3,0,0,1,1,0,1,1,0,5,3,2,1,1,5,4,1,1,1,0,0,0,1,0,0,1,0,0,1,0,0,31.0
239,GP,3,1,mother,1,2,0,0,0,1,1,1,1,1,5,3,3,1,1,4,4,0,1,1,0,0,0,0,0,0,0,0,0,0,1,0,19.0
240,GP,3,2,mother,1,2,0,0,0,1,0,1,1,0,5,3,4,1,3,3,2,1,1,1,0,0,0,0,0,0,0,0,1,0,0,0,16.25
241,GP,2,3,father,1,2,0,0,1,0,0,1,1,0,5,3,3,1,3,3,0,1,0,1,0,0,1,0,0,0,1,0,0,0,1,0,17.25
242,GP,2,1,mother,4,2,0,1,1,1,1,1,1,1,4,3,2,4,5,3,2,1,0,1,1,0,0,0,0,0,0,0,1,0,0,0,14.75
243,GP,2,1,mother,2,3,0,0,0,1,1,1,1,1,3,2,3,1,2,3,0,1,1,0,0,0,0,0,0,0,0,0,1,0,0,0,13.75
244,GP,4,3,father,1,2,0,0,0,1,1,1,1,1,3,2,3,1,2,3,0,1,0,1,0,1,0,0,0,0,0,0,0,0,1,0,18.75
245,GP,2,2,father,2,2,0,0,1,1,1,1,1,0,4,5,2,1,1,1,0,0,1,1,0,0,0,0,0,0,0,0,1,0,0,0,21.0
246,GP,4,4,mother,1,2,0,1,1,1,1,1,1,1,4,5,5,1,3,2,0,1,1,1,0,0,0,1,0,0,0,1,0,0,1,0,22.0
247,GP,4,4,father,1,2,0,0,1,1,1,1,1,0,4,2,4,2,4,1,0,1,1,1,0,1,0,0,0,0,0,0,0,0,1,0,20.0
248,GP,1,1,mother,2,2,0,0,1,0,1,1,1,0,3,4,2,1,1,5,2,1,0,1,0,0,0,0,0,0,0,0,0,1,0,0,16.5
249,GP,3,2,mother,2,3,0,0,0,1,1,1,1,1,5,3,3,1,3,2,0,1,1,1,1,0,0,0,0,0,0,0,0,0,1,0,16.25
250,GP,2,2,father,1,2,0,0,0,1,0,1,1,1,4,4,2,5,5,4,0,1,0,1,0,0,0,0,0,0,0,0,0,1,0,0,11.0
251,GP,2,1,mother,1,1,0,0,0,0,1,1,1,1,4,5,2,1,1,5,4,1,1,1,0,0,0,0,0,0,0,0,0,1,0,0,13.75
252,GP,4,1,mother,1,2,0,0,0,1,1,1,1,1,5,3,3,1,2,5,0,1,1,0,0,0,0,0,0,0,0,0,0,1,0,0,20.25
253,GP,2,4,mother,2,2,1,0,1,0,1,1,1,0,4,3,3,1,1,3,18,1,0,0,0,0,1,0,0,0,0,0,1,0,0,0,19.5
254,GP,2,2,mother,1,2,1,0,1,0,0,1,1,1,5,3,1,1,1,5,16,1,0,1,1,0,0,0,0,0,1,0,1,0,0,0,22.0
255,GP,3,3,mother,2,1,1,0,0,0,1,0,1,0,4,1,1,1,1,3,14,1,1,1,0,0,0,0,0,0,0,0,1,0,0,0,11.5
256,GP,2,2,other,1,1,1,0,1,1,0,0,1,1,4,4,3,2,2,1,26,1,1,1,0,0,0,0,1,0,0,0,1,0,0,0,13.0
257,GP,4,4,mother,1,1,0,0,1,1,0,1,1,0,4,2,1,1,2,5,6,1,1,1,0,0,0,1,0,0,0,1,1,0,0,0,30.0
258,GP,3,2,father,1,2,0,0,0,1,1,1,0,0,5,4,2,1,1,3,4,1,1,1,0,0,0,0,0,0,0,0,1,0,0,0,20.25
259,GP,1,1,mother,1,3,0,0,1,1,1,1,1,1,4,3,2,1,2,4,10,1,0,1,1,0,0,0,1,0,0,0,1,0,0,0,20.5
260,GP,1,2,mother,1,1,0,0,0,0,1,0,1,0,5,3,5,1,2,5,4,1,1,1,0,0,0,0,0,0,0,0,1,0,0,0,5.75
261,GP,2,1,mother,3,2,0,0,0,1,1,1,0,0,2,1,1,1,1,3,2,0,1,1,1,0,0,0,0,0,1,0,1,0,0,0,15.75
262,GP,1,4,other,4,1,1,0,1,0,1,1,1,0,5,5,4,1,1,5,14,0,0,0,0,0,0,0,0,0,0,0,1,0,0,0,20.25
263,GP,2,2,father,1,2,0,0,0,0,1,0,1,0,5,5,4,3,5,2,16,1,1,1,0,0,0,0,0,0,1,0,0,0,1,0,0.0
264,GP,2,2,mother,1,1,1,0,1,0,0,0,1,0,3,1,2,1,1,1,8,1,0,0,0,0,0,0,0,0,0,0,0,1,0,0,10.0
265,GP,1,1,mother,2,3,0,0,0,1,1,1,1,0,4,3,3,1,3,5,4,0,0,1,1,0,0,0,0,0,0,0,1,0,0,0,14.5
266,GP,4,2,mother,1,2,0,0,1,1,1,1,0,0,4,3,2,1,1,4,4,1,0,0,0,0,0,1,0,0,0,0,1,0,0,0,26.5
267,GP,4,3,mother,2,2,0,0,0,1,1,1,1,1,2,5,5,1,4,5,8,1,0,1,0,1,0,0,0,0,0,0,1,0,0,0,15.75
268,GP,4,4,mother,2,2,0,0,1,0,1,1,1,0,3,3,3,2,3,4,0,0,0,0,0,0,0,1,0,0,0,0,1,0,0,0,19.0
269,GP,4,3,mother,1,1,0,0,0,1,0,1,1,0,5,4,5,1,1,3,7,1,0,1,0,0,0,1,0,0,0,0,1,0,0,0,19.75
270,GP,4,4,mother,1,1,0,0,0,1,1,1,1,0,5,3,2,1,2,5,4,1,1,1,0,0,1,0,0,0,1,0,1,0,0,1,25.0
271,GP,4,4,mother,1,2,0,0,1,0,1,1,1,1,5,3,1,1,4,5,2,1,1,1,0,0,0,1,0,0,1,0,1,0,0,1,24.0
272,GP,1,1,father,2,3,0,0,0,0,0,1,1,1,4,3,3,1,1,1,2,0,1,1,0,0,0,0,0,0,0,0,0,1,0,0,7.5
273,GP,3,3,mother,2,3,0,0,1,0,1,1,1,1,4,2,2,2,3,5,10,1,1,1,0,0,1,0,0,0,0,0,0,1,0,0,19.5
274,GP,1,1,mother,1,2,0,1,0,0,0,1,0,1,4,3,2,1,1,4,10,1,1,1,1,0,0,0,0,0,0,0,1,0,0,0,11.5
275,GP,2,1,other,2,3,0,0,1,0,0,1,1,1,4,4,4,1,1,3,10,1,1,1,0,0,0,0,0,0,0,0,1,0,0,0,14.75
276,GP,2,1,mother,3,1,0,0,0,0,1,1,1,0,4,3,3,1,1,4,7,1,1,1,0,0,0,0,0,0,0,0,1,0,0,0,11.75
277,GP,1,1,father,1,2,0,0,1,0,1,1,0,0,4,3,4,1,2,5,4,1,1,1,0,0,0,0,0,0,1,0,1,0,0,0,14.5
278,GP,2,3,father,2,1,0,0,0,0,1,1,1,0,5,2,2,1,1,2,2,1,1,1,0,0,0,0,0,0,0,0,1,0,0,0,14.25
279,GP,3,1,mother,1,1,3,0,0,0,0,0,1,1,5,4,5,5,5,1,12,1,1,1,0,0,1,0,0,0,1,0,0,0,0,0,-4.0
280,GP,3,3,mother,1,2,0,0,1,0,1,1,1,1,4,3,3,1,3,5,8,0,0,1,0,0,0,0,0,0,1,0,1,0,0,0,19.5
281,GP,0,2,mother,1,1,0,0,0,0,0,1,1,0,4,3,2,2,4,5,0,1,1,1,0,0,0,0,0,0,0,0,0,0,0,0,8.5
282,GP,3,2,mother,2,1,0,0,0,0,1,0,1,0,4,4,5,2,4,5,8,1,1,1,0,0,1,0,0,0,0,0,1,0,0,0,4.25
283,GP,3,3,other,3,2,1,1,1,0,0,1,1,0,5,3,3,1,3,2,4,1,1,1,1,0,0,0,0,0,0,0,0,0,1,0,17.5
284,GP,2,1,mother,1,1,2,0,0,0,0,0,1,0,3,2,5,2,5,5,4,1,1,1,0,0,1,0,0,0,1,0,0,0,0,0,-0.25
285,GP,2,1,mother,2,1,0,0,0,1,0,1,0,0,3,3,2,1,3,3,2,0,1,1,0,0,0,0,0,0,0,0,1,0,0,0,13.75
286,GP,2,1,mother,1,1,0,0,0,0,0,1,1,0,4,4,2,2,4,5,0,0,1,1,0,0,0,0,0,0,0,0,1,0,0,0,9.75
287,GP,1,1,mother,2,1,1,0,1,1,1,1,1,0,4,4,4,1,2,5,0,1,0,1,0,1,0,0,0,0,0,0,1,0,0,0,19.5
288,GP,2,1,mother,1,2,0,0,1,0,0,1,1,1,4,3,4,1,3,5,2,1,0,0,0,0,0,0,0,0,0,0,1,0,0,0,14.75
289,GP,4,2,mother,1,4,0,0,1,1,1,1,1,0,4,2,3,1,1,4,2,1,0,1,0,0,0,1,0,0,1,0,0,0,1,0,25.5
290,GP,2,2,mother,1,2,0,0,1,0,1,1,1,0,4,3,3,1,1,5,0,1,1,1,0,0,1,0,0,0,1,0,0,1,0,0,19.0
291,GP,2,1,mother,3,2,1,0,0,1,0,0,1,0,4,4,5,4,4,5,4,1,0,1,0,0,1,0,0,0,0,0,1,0,0,0,4.75
292,GP,4,2,mother,1,3,0,0,1,1,1,1,1,0,4,3,4,1,3,5,2,0,1,1,0,0,0,0,0,0,0,0,1,0,0,0,23.5
293,GP,1,1,mother,1,3,0,0,1,0,0,1,0,0,4,4,3,2,3,3,4,1,0,1,0,0,0,0,1,0,0,0,0,1,0,0,11.5
294,GP,2,2,mother,1,2,0,1,0,0,1,1,0,0,3,2,3,1,1,5,4,0,1,1,0,0,0,0,0,0,0,0,0,1,0,0,13.0
295,GP,4,3,mother,1,2,0,0,1,0,1,1,1,0,4,3,1,1,1,1,4,1,0,0,0,0,1,0,1,0,0,0,0,0,1,0,20.75
296,GP,2,1,mother,1,2,0,0,0,1,1,1,1,0,5,2,4,1,2,4,2,1,1,1,0,0,0,0,0,0,0,0,0,1,0,0,15.75
297,GP,2,2,mother,2,1,0,0,0,0,0,0,0,0,5,2,2,1,1,4,0,0,1,1,0,0,0,0,0,0,1,0,0,0,0,0,10.0
298,GP,2,2,father,1,4,0,0,0,1,1,1,1,1,3,4,1,1,1,2,2,1,0,1,0,0,1,0,0,0,1,0,1,0,0,0,17.0
299,GP,2,1,other,2,2,0,0,1,1,1,0,1,1,1,2,3,1,2,2,8,0,1,1,0,0,0,0,0,0,0,0,1,0,0,1,10.75
300,GP,4,3,father,1,2,0,0,1,0,1,1,1,1,3,1,2,1,3,2,2,1,1,1,0,0,1,0,0,0,0,0,0,1,0,0,17.75
301,GP,4,3,mother,1,2,0,0,1,0,0,1,1,0,4,3,2,1,1,3,2,1,1,1,0,0,0,1,0,0,0,0,1,0,0,0,21.75
302,GP,3,2,mother,1,3,0,0,0,1,0,1,0,0,5,3,2,1,1,3,2,0,1,1,0,0,0,0,0,0,0,0,1,0,0,0,20.25
303,GP,3,3,mother,1,3,0,0,0,1,0,1,0,0,3,2,3,1,1,4,2,1,1,1,0,0,0,0,0,0,0,0,0,1,0,0,19.5
304,GP,2,2,mother,1,3,0,0,1,1,1,1,1,1,4,3,3,1,1,3,0,1,1,1,1,0,0,0,0,0,1,0,0,1,0,0,22.0
305,GP,2,2,father,2,1,0,0,0,0,1,0,1,0,4,4,4,2,3,4,8,1,1,1,0,0,0,0,0,0,0,0,0,1,0,0,4.0
306,GP,3,4,mother,2,2,0,0,1,1,1,1,1,0,4,2,5,3,4,1,6,0,0,0,0,0,0,0,0,0,0,0,0,0,1,0,16.75
307,GP,3,1,mother,1,2,0,0,0,1,1,1,1,1,5,4,4,3,4,5,0,1,1,1,0,0,1,0,0,0,0,0,0,0,0,0,14.0
308,GP,4,4,mother,2,2,0,0,0,1,1,1,1,0,4,3,4,2,2,4,8,0,1,1,0,0,0,1,0,0,0,0,0,0,1,0,20.0
309,GP,4,2,father,1,2,0,0,1,1,1,1,1,1,5,4,5,1,3,5,4,1,1,1,0,1,0,0,0,0,0,0,0,0,1,0,23.5
310,GP,2,1,mother,2,2,0,0,1,0,1,0,1,1,4,3,5,1,2,3,12,0,1,1,0,0,0,0,0,0,0,0,0,0,1,0,7.75
311,GP,3,3,other,1,2,0,0,1,1,1,1,1,0,4,3,5,3,3,5,16,1,1,1,0,0,0,0,0,0,1,0,0,1,0,0,20.5
312,GP,2,3,father,1,4,0,0,1,1,1,1,1,1,4,5,5,1,3,2,10,1,1,1,0,0,0,0,0,0,1,0,0,0,1,0,18.25
313,GP,1,1,mother,2,2,0,0,1,0,0,1,0,0,4,4,3,1,1,3,2,1,0,1,0,0,0,0,0,0,0,0,0,1,0,0,14.5
314,GP,1,2,mother,1,2,0,0,1,1,0,1,0,1,3,5,2,2,2,1,2,0,1,1,1,0,0,0,1,0,0,0,0,1,0,0,16.75
315,GP,2,1,mother,1,2,0,0,1,0,1,1,1,1,4,2,5,1,2,1,8,1,1,1,0,0,0,0,0,0,0,0,0,1,0,0,10.75
316,GP,2,4,mother,2,2,0,0,1,0,1,1,1,1,4,3,3,1,1,1,6,1,1,1,1,0,0,0,0,1,0,0,0,0,1,0,17.5
317,GP,2,2,mother,2,2,0,1,1,0,1,1,1,1,4,4,4,2,3,5,6,1,0,1,0,0,1,0,0,0,0,0,1,0,0,0,15.0
318,GP,3,2,mother,2,2,0,0,0,0,0,0,1,1,4,1,1,1,1,5,15,0,1,0,0,0,0,0,0,0,1,0,0,1,0,0,12.25
319,GP,4,4,mother,2,1,0,0,0,1,1,1,1,0,3,2,4,1,4,3,6,1,1,1,0,0,0,1,0,0,1,0,0,1,0,0,17.0
320,GP,4,4,father,1,2,1,1,1,1,1,1,1,1,2,4,4,1,1,4,2,1,1,1,0,1,0,0,0,1,0,0,0,0,1,0,25.0
321,GP,2,2,father,3,3,0,0,1,0,1,1,1,1,4,2,3,1,1,1,8,1,1,1,0,0,0,0,0,0,1,0,0,0,1,0,15.0
322,GP,3,2,father,1,2,1,1,1,0,1,0,1,0,3,3,3,4,3,3,0,0,1,1,0,0,1,0,0,0,1,0,0,0,1,0,7.25
323,GP,4,3,mother,2,1,0,0,0,1,1,1,1,0,4,2,3,1,2,1,0,1,0,1,0,0,0,1,0,0,1,0,1,0,0,0,17.75
324,GP,1,2,other,2,1,0,0,0,0,0,0,1,0,3,4,4,2,4,4,10,1,1,1,1,0,0,0,0,0,0,0,0,1,0,0,0.75
325,GP,4,1,mother,2,1,0,0,0,1,1,1,1,1,4,5,4,2,4,5,22,1,0,0,0,0,1,0,0,0,0,0,0,1,0,0,15.25
326,GP,3,2,mother,1,1,0,0,0,0,1,1,1,0,4,4,4,3,4,3,18,1,0,0,0,0,0,1,0,0,1,0,0,1,0,0,7.25
327,GP,1,1,mother,2,4,0,0,1,1,1,1,0,0,5,2,2,1,1,3,2,0,0,1,1,0,0,0,0,0,0,0,0,0,1,0,21.5
328,GP,1,1,mother,2,2,0,1,0,1,1,1,1,0,5,4,4,1,1,4,0,1,1,1,0,0,0,0,0,0,0,0,0,1,0,0,15.5
329,GP,2,2,mother,1,2,0,0,1,0,0,1,1,0,5,4,5,1,2,5,12,1,1,1,0,0,0,0,0,0,0,0,1,0,0,0,17.0
330,GP,2,1,mother,2,2,0,0,0,1,1,1,1,1,4,3,1,1,1,5,10,1,1,1,0,0,0,0,0,0,0,0,0,0,1,0,19.75
331,GP,1,1,father,1,2,0,0,0,0,0,1,1,0,4,3,3,1,2,4,0,1,1,1,0,0,0,0,0,0,0,0,0,0,1,0,9.5
332,GP,2,2,mother,1,3,0,0,1,0,1,1,1,0,4,3,3,1,2,2,0,1,1,1,1,0,0,0,1,0,0,0,0,0,0,0,15.0
333,GP,1,1,mother,1,3,0,0,1,0,1,1,1,0,4,3,3,1,1,3,0,1,1,1,0,0,1,0,0,0,0,1,0,0,1,0,14.5
334,GP,2,1,mother,1,3,0,0,0,1,1,1,1,0,4,2,4,1,3,2,0,1,1,1,0,0,1,0,0,0,1,0,0,0,1,0,11.75
335,GP,4,4,mother,1,2,0,0,1,1,1,1,1,0,5,4,3,1,1,2,0,1,0,0,0,0,0,1,0,0,0,1,0,0,1,0,27.0
336,GP,4,2,mother,1,2,0,0,1,1,1,1,1,1,4,3,2,1,4,5,2,1,1,1,0,0,0,1,0,0,0,0,0,1,0,0,24.5
337,GP,4,3,mother,1,3,0,0,1,0,1,1,1,0,4,2,2,1,2,3,0,1,1,1,0,1,0,0,0,0,1,0,0,0,1,0,20.75
338,GP,3,1,mother,2,4,0,0,1,0,1,1,0,0,3,1,2,1,1,3,0,0,0,1,0,0,1,0,0,0,0,0,0,0,1,0,17.0
339,GP,3,2,mother,2,3,0,0,1,1,1,1,1,0,5,4,2,1,1,4,0,0,0,1,0,0,1,0,0,0,0,0,0,0,1,0,26.25
340,GP,3,3,mother,1,1,0,0,1,0,1,1,1,0,4,4,3,1,3,5,0,1,1,1,0,1,0,0,0,0,0,0,0,1,0,0,19.5
341,GP,4,4,other,2,2,0,0,1,1,1,1,1,0,2,3,4,2,3,2,2,1,1,1,0,1,0,0,0,0,0,0,0,0,1,0,20.0
342,GP,4,3,other,2,2,0,0,1,0,1,1,1,1,4,4,5,1,2,2,0,1,0,1,0,0,0,0,0,0,0,0,0,1,0,0,16.75
343,GP,4,3,father,1,4,0,0,1,0,1,1,1,0,4,3,3,1,1,3,0,1,1,1,0,0,0,0,0,0,0,0,0,0,1,0,20.75
344,GP,4,4,mother,1,1,0,0,1,0,1,1,1,1,1,4,2,2,2,1,0,1,0,1,0,0,0,1,0,0,0,1,0,1,0,0,16.0
345,GP,4,4,mother,1,2,0,0,1,0,1,1,1,1,4,2,4,1,1,4,0,1,0,0,0,1,0,0,0,0,0,0,0,1,0,1,22.0
346,GP,4,4,father,2,1,0,0,0,0,1,1,1,0,4,1,1,2,2,5,0,1,0,1,0,0,0,0,0,0,0,1,0,1,0,0,19.0
347,GP,4,4,mother,2,3,0,0,1,1,1,1,1,0,5,3,4,1,1,5,0,0,1,1,0,0,1,0,0,0,1,0,0,0,1,0,29.0
348,GP,4,2,mother,2,3,0,0,1,0,1,1,1,0,4,3,3,1,1,3,0,1,1,1,0,0,0,0,0,0,0,0,0,0,1,0,19.5
349,GP,3,2,father,1,4,0,0,1,1,0,1,1,0,5,2,2,1,2,5,0,1,1,1,0,1,0,0,0,1,0,0,0,0,1,0,26.25
350,GP,2,1,mother,2,3,1,0,0,1,1,1,1,1,4,3,1,1,1,5,0,0,0,1,1,0,0,0,0,0,1,0,1,0,0,0,19.75
351,GP,3,2,other,1,1,2,0,0,1,1,1,0,0,5,5,3,1,1,5,0,1,1,0,0,0,1,0,0,0,0,0,1,0,0,0,21.25
352,GP,3,3,father,1,2,0,0,0,1,1,1,0,1,4,5,3,1,2,5,0,0,1,1,0,0,0,0,0,0,1,0,0,0,1,0,20.5
353,GP,1,4,mother,1,2,0,1,1,0,0,1,0,1,3,4,4,1,2,5,2,1,1,1,0,0,0,0,0,0,0,1,0,1,0,0,17.25
354,GP,2,1,mother,2,2,0,0,1,1,1,1,1,0,5,3,3,1,2,1,2,1,1,1,0,0,1,0,0,0,0,0,1,0,0,0,18.75
355,GP,2,3,father,2,2,0,0,0,1,1,1,1,1,4,2,1,1,1,3,2,1,1,1,0,0,0,0,0,0,0,0,1,0,0,0,20.25
356,GP,4,4,mother,1,1,0,0,0,1,1,1,1,0,4,4,4,1,1,5,2,0,1,1,0,0,0,1,0,0,0,1,1,0,0,0,23.0
357,GP,4,3,mother,1,3,0,0,1,1,1,1,1,1,4,3,4,1,1,5,2,1,1,1,0,0,0,0,0,0,0,0,1,0,0,0,26.75
358,GP,4,3,mother,2,1,0,0,1,0,1,1,1,0,3,2,4,1,4,1,8,1,0,1,0,1,0,0,0,0,1,0,1,0,0,0,13.75
359,GP,3,4,father,1,3,0,0,1,1,0,1,1,0,4,3,4,2,5,5,2,0,1,1,1,0,0,0,0,0,1,0,1,0,0,0,21.75
360,GP,3,3,father,1,2,0,0,1,0,1,1,1,0,4,1,4,1,1,3,8,1,1,1,1,0,0,0,0,0,0,0,1,0,0,0,18.5
361,GP,4,2,mother,2,2,0,0,1,1,1,1,1,1,5,4,4,1,1,1,9,1,1,1,0,1,0,0,0,0,0,0,1,0,0,0,22.5
362,GP,4,4,mother,1,2,0,0,1,0,1,1,1,0,4,4,4,3,3,5,0,1,1,1,0,0,0,1,0,0,0,0,1,0,0,0,19.0
363,GP,3,4,mother,1,1,0,0,1,1,1,1,1,1,5,4,4,1,1,1,4,1,1,1,0,0,0,0,0,0,0,0,1,0,0,0,23.75
364,GP,4,4,mother,1,1,0,0,0,1,1,1,1,0,5,3,4,1,2,5,2,1,1,1,0,1,0,0,0,1,0,0,1,0,0,0,23.0
365,GP,4,3,mother,1,2,0,0,1,0,1,1,1,1,5,2,2,1,2,5,14,1,1,0,0,0,1,0,0,0,1,0,1,0,0,0,23.75
366,GP,3,3,mother,1,2,0,1,1,0,1,1,1,0,5,3,3,1,1,5,0,1,0,0,0,0,1,0,0,0,0,0,0,1,0,0,22.5
367,GP,2,1,father,1,2,0,0,0,1,1,1,1,0,4,2,3,2,2,2,2,1,0,1,0,0,0,0,0,0,0,0,0,1,0,0,12.75
368,GP,4,4,father,1,1,0,0,1,0,1,1,1,0,4,2,5,3,4,5,2,1,0,1,0,0,0,0,0,0,0,0,0,0,1,0,17.0
369,GP,1,1,other,3,3,0,0,0,1,1,0,0,1,1,5,5,4,3,5,12,1,1,1,0,0,0,0,0,0,0,0,1,0,0,0,1.5
370,GP,1,1,other,3,2,2,0,1,0,0,1,1,1,5,3,4,1,1,4,2,1,0,0,0,0,0,0,0,0,0,0,1,0,0,0,15.5
371,GP,2,2,mother,1,1,0,0,1,1,1,1,1,1,4,3,5,2,4,5,2,1,1,1,0,0,0,0,0,0,0,0,1,0,0,0,18.0
372,GP,2,2,mother,1,2,0,0,1,0,1,1,0,1,4,2,2,1,1,3,4,1,1,1,0,0,0,0,0,0,0,0,1,0,0,0,18.0
373,GP,2,2,mother,1,3,0,0,1,1,1,1,1,0,3,3,2,2,2,3,0,0,0,1,0,0,1,0,0,0,1,0,1,0,0,0,20.0
374,GP,3,1,father,1,3,0,0,1,0,0,1,1,0,3,4,3,2,3,5,0,1,1,1,0,0,1,0,0,0,1,0,1,0,0,0,15.0
375,GP,0,2,father,2,3,0,0,0,0,1,1,1,0,3,3,3,2,3,2,0,1,0,1,1,0,0,0,1,0,0,0,0,1,0,0,4.5
376,GP,1,1,mother,2,3,0,0,0,1,1,1,1,0,4,5,5,1,2,2,0,1,1,1,0,0,0,0,0,0,0,0,0,1,0,0,10.5
377,GP,4,4,mother,1,3,0,0,0,1,1,1,1,0,4,3,3,2,2,3,0,1,1,1,0,0,0,0,0,0,0,0,1,0,0,0,20.0
378,GP,3,3,mother,1,1,0,0,0,1,0,1,1,0,4,3,5,3,5,5,0,1,1,1,0,0,0,0,0,0,1,0,0,0,1,0,13.5
379,GP,2,2,mother,4,1,0,0,1,0,1,1,1,0,4,4,5,5,5,4,2,0,1,1,0,0,1,0,0,0,0,0,1,0,0,0,8.0
380,GP,4,4,mother,1,3,0,0,1,1,1,1,1,0,5,4,4,1,3,4,0,1,1,1,0,0,0,1,0,0,1,0,1,0,0,0,26.0
381,GP,4,4,mother,2,3,0,0,1,0,0,1,1,1,4,3,3,1,2,4,4,1,1,1,0,0,0,1,0,0,0,1,1,0,0,0,22.0
382,GP,3,3,mother,1,1,0,0,1,1,1,1,1,0,4,2,5,2,5,5,2,1,1,1,1,0,0,0,0,0,0,0,1,0,0,1,19.5
383,GP,2,2,mother,1,4,0,0,1,1,1,1,1,0,4,5,5,2,4,5,0,1,0,1,0,0,0,0,0,0,0,0,1,0,0,1,18.0
384,GP,3,2,other,1,1,0,0,1,0,0,1,0,1,5,3,4,2,2,5,0,0,1,1,1,0,0,0,0,0,1,0,0,1,0,0,18.25
385,GP,2,2,mother,4,2,0,0,0,1,1,1,0,1,4,2,5,1,1,2,2,1,1,1,1,0,0,0,0,0,0,0,1,0,0,0,14.0
386,GP,2,4,father,1,3,0,0,1,0,1,1,1,1,4,4,3,1,1,5,0,0,1,1,1,0,0,0,0,0,0,0,1,0,0,0,21.5
387,GP,2,2,mother,1,1,0,0,0,0,0,1,1,0,5,4,2,1,2,5,6,1,1,1,0,0,0,0,0,0,0,0,0,0,1,0,15.0
388,GP,3,3,mother,1,2,0,0,0,1,1,1,1,0,5,3,4,1,1,4,8,1,1,1,0,0,1,0,0,0,1,0,0,1,0,0,20.5
389,GP,2,2,other,1,2,0,0,0,1,0,1,1,1,4,3,3,1,1,2,0,1,0,1,0,0,0,0,0,0,0,0,0,1,0,0,16.0
390,GP,2,2,mother,2,4,0,0,0,1,1,1,0,0,4,4,4,1,1,4,6,0,1,1,1,0,0,0,0,0,0,0,1,0,0,0,17.0
391,GP,3,4,mother,1,3,0,0,0,0,1,1,1,0,4,4,5,1,3,5,8,1,1,1,0,0,1,0,0,0,0,0,1,0,0,0,13.75
392,GP,3,2,mother,1,2,0,0,1,0,1,1,1,1,4,3,2,2,3,2,0,1,1,1,0,0,0,0,0,0,0,0,0,1,0,0,15.25
393,GP,3,3,mother,1,4,0,0,1,0,1,1,1,0,5,3,3,1,1,1,4,1,0,1,0,0,1,0,0,0,1,0,0,1,0,0,18.5
394,GP,3,2,mother,1,2,0,0,1,0,1,1,1,0,4,3,3,2,3,2,0,0,1,0,0,0,0,0,0,0,0,0,0,1,0,0,14.25
395,GP,4,4,father,1,2,0,0,1,1,1,1,1,0,4,3,3,2,2,2,0,1,1,1,0,0,0,1,0,0,1,0,0,1,0,0,24.0
396,GP,3,4,mother,1,2,0,0,0,1,1,1,1,1,4,3,3,1,3,5,6,1,0,1,0,0,1,0,0,0,0,0,0,1,0,0,20.75
397,GP,2,2,father,1,2,0,0,1,0,1,1,1,1,3,3,1,1,2,4,18,1,1,0,1,0,0,0,1,0,0,0,0,1,0,0,18.0
398,GP,2,3,mother,1,3,0,0,1,0,1,1,1,0,4,3,3,1,2,3,0,1,1,1,1,0,0,0,0,0,0,0,1,0,0,0,17.25
399,GP,3,2,mother,1,3,0,0,0,0,1,1,1,1,5,4,3,2,3,1,4,1,1,1,0,0,0,0,0,0,1,0,0,0,0,0,9.25
400,GP,4,3,mother,1,3,0,0,0,0,1,1,1,1,5,3,2,1,2,4,4,0,1,1,0,0,0,1,0,0,1,0,1,0,0,0,17.75
401,GP,4,3,mother,1,3,0,0,1,0,1,1,1,1,5,4,5,2,3,5,0,1,1,1,0,0,0,1,0,0,0,0,1,0,0,0,18.75
402,GP,4,3,mother,1,3,0,0,1,1,1,1,1,1,4,4,3,1,3,4,0,1,1,1,0,1,0,0,0,0,0,0,0,0,1,0,24.75
403,GP,2,1,mother,2,2,0,0,1,1,1,1,1,1,4,3,4,2,2,1,10,1,1,1,0,0,1,0,0,0,0,0,1,0,0,0,15.75
404,GP,2,1,mother,1,2,0,0,1,1,1,1,1,0,4,3,5,2,4,4,4,1,1,1,0,0,1,0,0,0,0,0,0,0,1,0,15.75
405,GP,2,3,other,2,1,1,0,0,0,1,0,1,0,2,2,3,3,4,5,16,1,0,0,1,0,0,0,0,0,0,0,0,1,0,0,3.25
406,GP,3,1,mother,1,1,1,0,1,0,1,1,1,1,4,1,2,1,1,3,6,1,1,1,0,0,0,0,1,0,0,0,0,1,0,1,18.0
407,GP,4,4,other,1,3,2,0,0,1,1,1,1,0,3,3,2,1,1,5,0,1,0,1,0,0,0,0,0,0,0,0,0,0,1,1,24.0
408,GP,2,2,mother,1,2,0,0,1,1,0,0,1,0,4,4,4,1,3,3,11,1,0,1,0,0,1,0,0,0,1,0,0,0,1,0,14.0
409,GP,3,4,other,1,2,0,0,0,1,1,1,1,1,4,3,5,1,4,2,9,1,0,0,0,0,0,0,0,0,0,0,0,0,1,0,14.75
410,GP,2,2,mother,1,2,0,0,1,1,1,1,1,0,4,3,4,1,3,4,0,1,1,1,0,0,1,0,0,0,1,0,0,0,1,0,20.0
411,GP,4,4,mother,1,3,0,0,1,0,1,1,1,0,4,4,2,1,2,4,2,1,0,0,0,1,0,0,0,0,0,0,0,0,1,0,23.0
412,GP,4,2,mother,1,2,0,0,1,1,1,1,1,0,4,2,2,1,1,3,0,1,0,1,0,0,0,1,0,0,0,0,1,0,0,0,25.5
413,GP,1,1,other,2,2,2,0,1,1,1,0,1,1,5,3,3,5,2,4,21,0,0,1,1,0,0,0,0,0,0,0,1,0,0,0,11.5
414,GP,1,1,other,2,3,0,0,0,0,1,1,1,1,3,2,2,1,3,3,8,0,1,1,0,0,0,0,0,0,0,0,0,0,1,0,7.5
415,GP,4,4,other,1,1,1,0,1,0,1,1,1,1,3,2,5,4,4,5,5,1,1,1,0,0,0,1,0,0,0,0,0,1,0,0,15.0
416,GP,3,2,mother,1,2,0,0,1,0,1,1,1,0,4,4,4,1,2,5,10,1,0,0,0,0,0,0,0,0,0,0,0,0,1,0,18.25
417,GP,3,2,father,1,3,0,0,1,0,1,1,1,1,4,3,4,1,2,2,5,1,1,1,1,0,0,0,0,0,0,0,0,0,1,0,15.25
418,GP,2,3,father,1,1,0,0,0,0,1,1,1,0,3,1,3,4,5,4,13,0,1,1,0,0,0,0,0,0,1,0,0,0,1,0,6.25
419,GP,2,1,mother,1,1,0,0,0,0,1,1,1,0,5,3,4,1,4,4,10,1,1,1,0,0,0,0,0,0,0,0,0,0,1,0,8.75
420,GP,2,2,mother,2,2,0,0,1,0,1,1,1,0,4,1,4,1,3,4,10,1,0,0,0,0,1,0,0,0,0,0,0,0,1,0,15.0
421,GP,1,0,mother,2,1,1,1,0,0,1,1,1,1,5,3,1,1,1,5,5,1,1,1,0,0,0,0,0,0,0,0,0,0,1,0,13.25
422,GP,3,2,mother,1,2,0,0,1,1,0,1,1,1,3,1,2,1,2,1,4,1,1,1,0,0,1,0,0,0,0,0,0,1,0,0,20.25
423,MS,1,3,father,2,1,0,0,1,0,1,0,1,1,4,3,3,1,3,5,11,1,1,1,1,0,0,0,0,0,0,0,0,0,0,0,12.0
424,MS,2,2,mother,2,2,0,0,1,1,1,1,1,0,4,4,4,1,1,5,0,0,1,1,0,0,0,0,0,0,0,0,1,0,0,0,23.0
425,MS,1,1,mother,1,1,1,0,1,0,1,1,0,1,4,1,3,1,1,2,6,0,1,1,1,0,0,0,0,0,1,0,0,0,0,0,13.5
426,MS,3,3,mother,2,1,0,0,1,0,1,1,1,0,5,4,4,2,3,5,4,0,1,1,1,0,0,0,0,0,0,0,1,0,0,0,18.5
427,MS,2,3,mother,2,2,0,0,0,0,1,1,0,0,4,5,2,1,2,5,0,0,1,1,1,0,0,0,0,0,1,0,1,0,0,0,15.25
428,MS,2,1,mother,2,1,0,0,0,0,1,0,0,0,1,3,4,1,1,1,0,0,0,1,1,0,0,0,0,0,0,0,0,1,0,0,-0.25
429,MS,4,4,mother,1,2,0,0,1,0,1,1,0,0,5,3,2,1,3,2,5,0,0,0,1,0,0,0,0,0,0,0,0,1,0,0,21.0
430,MS,1,2,mother,1,3,0,1,0,0,1,1,1,0,4,4,3,1,1,5,0,1,1,0,0,0,0,0,0,0,0,0,0,0,0,0,12.75
431,MS,3,2,father,1,2,1,0,0,0,1,1,0,1,4,5,4,1,2,5,0,0,1,1,1,0,0,0,0,0,0,0,1,0,0,0,13.25
432,MS,1,1,father,1,1,1,0,1,0,0,0,1,0,5,4,4,2,2,5,0,0,1,1,0,0,0,0,0,0,0,0,0,0,0,0,9.5
433,MS,4,4,mother,2,1,0,0,0,0,1,1,1,1,1,5,1,3,5,5,0,0,1,1,0,0,0,1,0,0,0,0,1,0,0,0,12.0
434,MS,2,2,mother,2,4,0,0,0,1,0,0,0,1,1,2,1,1,1,1,4,1,0,0,1,0,0,0,0,0,0,0,0,0,1,0,9.0
435,MS,1,1,father,2,2,0,0,1,0,1,1,1,0,5,4,3,1,2,4,0,0,0,1,1,0,0,0,0,0,1,0,0,0,1,0,15.5
436,MS,1,1,mother,2,1,1,0,1,0,1,1,1,1,4,4,3,1,2,2,4,0,0,1,0,0,0,0,0,0,1,0,1,0,0,0,12.5
437,MS,0,2,mother,2,1,0,0,1,1,1,1,0,0,3,2,3,1,2,2,0,0,1,1,0,0,0,0,0,0,0,0,0,0,0,0,16.5
438,MS,2,3,mother,2,1,0,0,1,0,1,1,1,0,5,5,5,1,3,3,2,0,1,1,0,0,0,0,0,0,0,0,1,0,0,0,15.25
439,MS,3,3,father,2,1,0,0,0,0,0,1,1,0,4,1,3,1,1,4,0,0,1,1,0,0,0,0,0,0,1,0,1,0,0,0,15.5
440,MS,1,1,mother,2,2,0,0,1,1,1,1,0,1,5,4,5,4,5,3,0,1,1,1,1,0,0,0,0,0,1,0,0,1,0,0,11.5
441,MS,1,1,mother,1,2,0,0,0,0,0,1,1,0,4,4,3,2,4,5,4,1,1,1,0,0,0,0,0,0,0,0,0,1,0,1,7.5
442,MS,4,1,father,1,2,0,0,1,1,1,1,1,0,5,3,4,1,2,2,0,0,0,1,0,1,0,0,0,0,1,0,0,0,1,0,21.25
443,MS,4,1,father,1,2,0,0,1,1,1,1,1,0,5,3,4,1,2,2,7,0,0,1,0,1,0,0,0,0,1,0,0,0,1,0,21.25
444,MS,3,4,mother,3,2,0,0,0,0,0,1,0,0,3,4,5,1,2,5,4,0,1,1,0,0,0,0,0,1,0,0,0,0,0,0,13.75
445,MS,1,1,mother,4,2,0,0,1,1,1,1,0,1,5,4,5,2,4,4,8,0,1,1,0,0,0,0,0,0,0,0,1,0,0,0,15.5
446,MS,3,3,father,1,2,0,0,1,1,1,1,1,0,5,3,3,1,1,5,0,1,0,1,1,0,0,0,1,0,0,0,0,0,1,0,27.5
447,MS,2,1,mother,3,1,0,0,0,1,1,0,0,1,5,5,5,5,5,3,8,0,1,1,0,0,0,0,0,0,0,0,0,0,0,0,1.75
448,MS,4,4,mother,2,3,0,0,0,1,1,1,1,1,4,2,2,1,1,4,6,0,1,1,0,0,0,1,0,0,0,1,1,0,0,0,24.0
449,MS,1,2,mother,2,1,0,0,0,0,1,1,0,0,5,1,2,1,1,1,3,0,1,1,0,0,0,0,0,0,1,0,1,0,0,0,10.75
450,MS,2,3,mother,3,2,0,0,1,0,1,1,1,0,4,5,4,1,2,1,2,0,1,1,0,0,0,0,0,0,1,0,1,0,0,0,14.25
451,MS,1,2,father,2,2,0,0,0,0,1,1,0,0,4,3,3,1,1,5,0,0,1,1,0,0,0,0,0,0,0,0,1,0,0,0,12.75
452,MS,2,2,mother,3,2,0,0,1,0,1,1,1,0,4,4,5,1,1,4,4,0,1,1,0,0,0,0,0,0,0,0,1,0,0,0,16.0
453,MS,1,2,mother,1,3,1,0,1,0,1,1,0,0,1,3,2,1,2,4,0,1,1,1,0,0,0,0,0,0,1,0,1,0,0,0,13.75
454,MS,1,2,mother,1,3,1,0,1,0,1,1,0,0,1,3,2,1,2,4,3,1,1,1,0,0,0,0,0,0,1,0,1,0,0,0,13.75
455,MS,2,1,mother,1,2,0,1,1,0,0,1,1,0,4,4,2,3,3,2,0,1,1,1,1,0,0,0,0,0,0,0,0,1,0,0,11.75
456,MS,1,1,father,1,2,0,0,1,0,0,1,0,1,5,4,3,2,1,2,0,1,1,1,1,0,0,0,0,0,0,0,1,0,0,0,13.5
457,MS,1,2,mother,1,1,0,0,1,1,1,1,1,0,5,5,5,5,5,3,4,0,0,1,1,0,0,0,0,0,1,0,0,0,1,0,11.75
458,MS,1,1,father,4,4,0,0,1,0,0,1,1,0,4,3,2,1,1,1,0,0,1,1,0,0,0,0,0,0,0,0,0,1,0,0,13.5
459,MS,1,1,father,4,3,0,1,1,0,1,1,0,0,4,4,3,1,1,5,2,0,1,1,1,0,0,0,0,0,0,0,0,0,0,0,16.5
460,MS,1,1,father,2,2,0,0,1,1,1,1,1,0,4,3,3,1,1,2,1,0,1,1,1,0,0,0,0,0,0,0,0,1,0,0,18.5
461,MS,1,1,mother,2,1,0,0,0,1,1,1,1,1,4,2,2,4,3,2,0,0,1,1,1,0,0,0,0,0,0,0,0,0,0,0,9.5
462,MS,1,1,father,3,2,0,0,1,0,1,1,0,0,4,2,1,1,2,2,0,0,1,1,1,0,0,0,1,0,0,0,1,0,0,0,14.5
463,MS,2,2,father,1,3,0,1,1,0,1,1,0,0,4,4,3,2,2,5,2,0,0,1,0,0,0,0,0,0,0,0,0,0,0,0,17.0
464,MS,1,1,father,2,1,0,0,0,1,1,1,0,0,3,4,4,3,4,5,6,0,1,1,1,0,0,0,0,0,0,0,0,0,0,0,9.5
465,MS,1,2,father,1,2,1,0,1,1,1,1,1,1,3,4,4,2,3,5,9,1,1,1,0,0,0,0,0,0,0,0,1,0,0,0,17.75
466,MS,3,1,mother,2,1,0,0,1,0,1,1,0,0,3,2,3,1,3,4,0,1,1,1,0,0,0,0,0,0,1,0,0,1,0,0,15.0
467,MS,2,2,father,3,2,0,0,1,1,1,1,1,0,5,3,4,1,1,2,1,0,1,1,0,0,0,0,0,0,1,0,1,0,0,0,21.0
468,MS,2,2,mother,3,1,0,0,0,0,1,1,0,0,4,3,3,1,2,4,1,1,1,1,0,1,0,0,0,0,0,0,0,0,1,0,12.0
469,MS,4,4,father,1,2,0,0,1,1,1,1,0,1,4,3,1,1,1,3,0,1,1,1,0,0,0,0,0,0,0,1,1,0,0,0,29.0
470,MS,3,3,mother,1,2,0,0,1,0,1,1,1,1,4,5,4,1,1,1,4,0,1,1,0,0,1,0,0,0,0,0,0,0,1,0,16.5
471,MS,2,2,mother,2,2,1,0,1,1,0,1,0,0,4,4,4,2,3,5,2,0,1,1,1,0,0,0,0,0,0,0,1,0,0,0,20.0
472,MS,2,2,father,3,1,0,0,1,1,1,1,0,1,4,3,2,1,1,4,0,0,0,1,0,0,0,0,0,0,0,0,0,1,0,0,24.0
473,MS,2,1,mother,2,1,0,0,1,1,1,1,1,0,2,4,3,2,3,4,4,1,0,1,1,0,0,0,0,0,1,0,1,0,0,0,16.75
474,MS,1,3,father,3,1,0,0,1,1,1,1,1,0,4,2,4,3,5,3,2,0,0,1,1,0,0,0,0,0,0,0,0,0,1,0,15.0
475,MS,2,2,mother,2,3,0,0,1,1,1,1,0,0,5,3,2,1,1,4,0,1,1,1,0,0,0,0,0,0,1,0,1,0,0,0,25.0
476,MS,2,1,mother,1,1,0,0,1,0,1,1,1,1,5,4,3,1,1,5,2,0,0,1,0,0,0,0,0,0,0,0,0,1,0,0,18.75
477,MS,3,3,father,2,1,0,0,1,1,0,1,1,0,4,3,3,2,4,3,11,1,1,1,0,0,1,0,0,0,1,0,1,0,0,0,20.5
478,MS,1,1,father,2,2,3,1,1,0,1,1,0,0,3,4,3,1,1,1,0,0,1,1,1,0,0,0,0,0,0,0,1,0,0,0,11.5
479,MS,2,2,mother,1,1,0,0,1,1,1,0,0,0,4,5,3,1,1,5,4,1,1,1,0,0,0,0,1,0,0,0,1,0,0,0,19.0
480,MS,2,3,other,1,1,1,0,0,0,1,0,1,1,4,4,4,1,1,2,0,1,1,1,1,0,0,0,0,0,1,0,1,0,0,0,6.25
481,MS,2,1,mother,3,1,0,0,1,1,1,0,0,1,5,5,3,1,1,3,2,0,1,1,1,0,0,0,0,0,0,0,1,0,0,0,16.75
482,MS,1,1,mother,2,1,0,0,1,0,1,0,0,1,5,2,1,1,3,4,0,0,0,1,1,0,0,0,0,0,0,0,1,0,0,0,11.5
483,MS,2,2,father,3,2,0,0,1,0,1,0,1,0,3,4,5,1,2,1,1,0,1,1,0,0,0,0,0,0,0,0,1,0,0,0,6.0
484,MS,2,2,mother,1,1,0,0,1,0,1,0,0,0,4,3,4,1,2,1,6,1,0,0,0,0,0,0,0,0,0,0,0,1,0,0,8.0
485,MS,2,2,mother,2,2,0,0,1,0,1,1,1,0,4,3,5,1,2,4,0,0,1,1,1,0,0,0,0,0,0,0,1,0,0,0,15.0
486,MS,2,2,father,1,1,1,0,1,1,0,1,1,0,4,4,3,1,4,3,1,1,1,1,0,0,0,0,0,0,1,0,1,0,0,1,19.0
487,MS,3,2,other,2,3,2,0,1,0,0,0,0,1,3,3,2,1,1,2,6,0,0,0,0,0,0,0,0,0,0,0,1,0,0,0,12.25
488,MS,1,1,mother,1,3,1,0,0,1,1,0,0,1,5,3,1,1,1,3,6,1,1,1,1,0,0,0,0,0,1,0,1,0,0,0,12.5
489,MS,1,1,mother,2,1,1,0,0,1,1,0,1,0,4,4,3,3,4,4,0,0,1,1,0,0,0,0,0,0,0,0,0,1,0,0,5.5
490,MS,1,1,mother,2,1,1,0,0,0,0,0,1,1,3,2,3,1,1,2,4,0,1,1,1,0,0,0,1,0,0,0,1,0,0,0,2.5
491,MS,1,1,other,2,2,1,0,1,0,1,1,1,1,1,1,4,4,1,1,12,1,1,1,0,0,0,0,0,0,0,0,1,0,0,0,5.5
492,MS,2,2,mother,1,2,0,0,0,0,0,1,0,1,3,3,2,1,1,3,2,0,1,0,0,1,0,0,0,0,0,0,1,0,0,0,12.0
493,MS,0,1,father,2,1,0,0,0,1,0,1,0,0,2,4,4,3,5,5,5,1,1,1,0,0,0,0,1,0,0,0,1,0,0,0,6.25
494,MS,1,2,mother,1,2,0,0,0,1,1,0,1,0,4,4,5,1,3,3,0,0,0,1,1,0,0,0,0,0,0,0,1,0,0,0,6.75
495,MS,3,3,mother,1,1,0,0,0,1,1,0,1,1,4,5,4,1,1,4,0,1,1,1,0,0,0,0,0,0,0,0,0,0,1,0,14.5
496,MS,1,1,mother,1,1,0,0,1,1,1,1,1,1,4,4,4,2,2,4,2,0,0,1,0,0,1,0,0,0,1,0,0,1,0,0,17.5
497,MS,3,3,mother,2,4,1,0,1,1,1,1,0,0,5,4,5,3,4,5,0,1,1,1,0,0,1,0,1,0,0,0,1,0,0,1,20.5
498,MS,2,1,mother,1,2,0,0,1,1,1,1,1,0,5,3,3,1,1,1,0,1,1,1,0,0,0,0,0,0,1,0,1,0,0,0,19.75
499,MS,2,2,mother,1,1,0,0,1,1,1,1,0,1,4,2,5,1,2,5,0,1,1,1,0,0,1,0,0,0,0,0,1,0,0,1,21.0
500,MS,1,2,father,1,1,1,0,1,1,1,0,1,1,5,3,5,5,5,1,12,1,1,1,0,0,0,0,0,0,0,0,1,0,0,0,4.75
501,MS,4,3,father,1,1,0,0,0,1,1,1,1,0,4,2,5,1,5,5,8,1,0,1,0,0,0,0,0,0,0,0,1,0,0,0,16.75
502,MS,2,2,mother,3,4,1,0,1,0,1,1,0,0,1,3,5,3,5,3,2,0,0,1,0,0,1,0,0,0,1,0,0,0,0,0,6.0
503,MS,1,1,other,1,4,0,1,1,1,1,1,1,0,2,2,1,1,1,5,0,1,1,1,0,0,0,0,0,0,0,0,1,0,0,0,21.5
504,MS,2,2,mother,1,3,0,0,0,0,1,1,1,1,5,4,5,1,1,1,0,1,0,1,0,0,0,0,0,0,0,0,0,1,0,0,9.0
505,MS,1,1,mother,2,1,0,0,1,1,0,1,1,1,4,4,5,1,2,5,0,0,1,1,1,0,0,0,0,0,0,0,0,0,1,0,18.5
506,MS,3,3,mother,2,2,1,0,0,1,1,1,1,1,3,3,4,2,4,3,8,1,1,1,1,0,0,0,0,0,1,0,0,0,0,0,13.5
507,MS,1,1,father,1,3,0,0,1,0,1,1,0,1,4,3,3,1,1,3,0,1,0,1,0,0,0,0,0,0,1,0,1,0,0,0,14.5
508,MS,2,2,mother,3,1,1,0,1,0,0,1,1,0,4,4,5,1,2,5,0,0,1,1,0,0,0,0,0,0,0,0,1,0,0,0,16.0
509,MS,1,1,father,3,2,0,0,1,0,1,1,0,0,5,3,2,1,1,1,0,0,0,1,1,0,0,0,0,0,0,0,1,0,0,0,14.5
510,MS,2,2,mother,2,2,0,0,1,1,1,1,0,0,5,3,2,1,1,1,0,0,1,1,0,0,0,0,0,0,0,0,0,0,1,0,22.0
511,MS,1,0,mother,2,2,0,0,0,0,1,1,1,1,4,4,5,1,1,4,1,1,1,0,0,0,0,0,0,0,0,0,0,0,0,0,7.25
512,MS,1,1,mother,1,2,1,0,1,0,1,1,1,1,4,3,2,1,1,5,9,0,1,1,1,0,0,0,0,0,0,0,0,0,0,0,17.5
513,MS,3,1,mother,1,1,0,0,0,1,1,1,1,0,3,1,3,1,3,1,0,1,1,1,0,0,0,0,0,0,0,0,1,0,0,0,12.0
514,MS,3,2,mother,1,1,0,0,0,0,1,1,1,0,3,1,3,1,4,3,2,1,1,1,0,0,1,0,1,0,0,0,1,0,0,0,9.25
515,MS,1,1,mother,2,2,0,1,0,0,1,1,0,0,2,3,5,1,4,3,8,1,0,1,0,0,0,0,1,0,0,0,0,0,1,0,2.5
516,MS,4,4,father,1,2,0,0,0,1,0,1,1,1,4,3,3,2,3,2,0,0,1,1,0,1,0,0,0,0,0,1,0,0,1,0,18.0
517,MS,1,2,mother,2,1,0,0,0,1,1,1,1,0,5,4,5,1,4,2,0,0,0,1,0,0,0,0,0,0,0,0,0,0,1,0,10.75
518,MS,2,4,father,1,2,1,0,1,0,1,1,1,0,2,3,2,1,3,1,8,1,1,0,0,0,0,0,0,0,1,0,0,0,1,0,14.5
519,MS,2,1,mother,2,2,0,0,0,1,1,1,1,0,5,2,1,1,1,2,0,0,1,1,0,0,0,0,0,0,1,0,0,0,1,0,17.75
520,MS,1,1,mother,3,2,0,0,1,0,1,1,1,0,4,3,2,1,3,5,6,1,0,1,1,0,0,0,0,0,0,0,0,0,0,0,15.5
521,MS,2,3,mother,2,2,0,0,1,1,1,1,1,0,3,3,3,1,1,2,0,0,1,1,1,0,0,0,0,0,1,0,0,0,0,0,21.25
522,MS,4,4,mother,1,2,0,0,1,0,1,1,1,1,4,3,4,1,2,3,4,1,1,1,0,1,0,0,0,1,0,0,1,0,0,0,20.0
523,MS,4,4,mother,1,4,0,0,1,1,1,0,1,1,5,5,5,5,5,5,2,1,0,1,1,0,0,0,0,1,0,0,0,1,0,0,15.0
524,MS,3,4,mother,3,2,0,0,1,0,0,1,0,0,4,2,1,1,1,2,2,0,0,1,1,0,0,0,0,0,0,0,0,0,0,0,21.75
525,MS,4,4,mother,1,3,0,0,1,0,1,1,1,0,4,4,3,1,2,5,0,1,0,1,0,0,0,0,0,0,1,0,0,1,0,0,23.0
526,MS,4,1,mother,1,1,0,0,0,0,1,1,1,1,4,2,3,1,2,5,1,0,1,1,0,0,0,0,0,0,0,0,0,0,0,0,14.25
527,MS,2,2,mother,4,3,0,0,0,0,1,1,0,0,5,1,3,2,2,3,0,1,0,1,0,0,1,0,0,0,1,0,0,0,0,0,11.0
528,MS,2,2,mother,1,1,0,0,1,0,1,1,1,0,5,1,3,1,2,5,5,0,1,1,1,0,0,0,0,0,0,0,0,0,0,1,19.0
529,MS,4,4,father,2,1,0,0,1,0,1,1,0,0,5,1,3,1,2,5,1,1,0,1,0,0,1,0,0,0,1,0,0,0,0,0,24.0
530,MS,3,3,mother,1,1,0,0,1,1,1,1,1,0,4,1,4,5,5,3,8,1,1,1,0,0,1,0,0,0,1,0,0,1,0,0,15.5
531,MS,1,1,mother,3,2,0,0,0,0,1,1,1,1,5,1,3,3,3,1,0,1,1,1,1,0,0,0,0,0,1,0,0,0,0,0,4.5
532,MS,2,1,mother,2,2,0,0,0,0,0,1,1,1,4,2,2,1,4,5,2,1,1,1,0,1,0,0,0,0,1,0,0,0,0,0,10.75
533,MS,2,1,mother,1,2,0,0,0,0,1,1,1,1,3,2,2,1,1,3,0,1,0,1,0,0,0,0,0,0,1,0,0,0,0,0,10.75
534,MS,4,4,father,1,1,0,0,1,0,1,1,1,0,4,1,2,2,5,5,0,1,0,1,0,0,0,1,0,1,0,0,0,0,0,0,20.0
535,MS,1,2,mother,3,2,0,0,1,1,1,1,0,0,5,5,5,1,3,5,11,0,1,1,0,0,0,0,0,0,1,0,1,0,0,0,19.75
536,MS,2,2,mother,3,4,0,0,1,1,1,1,0,0,5,4,5,2,3,5,8,1,0,0,0,0,0,0,0,0,0,0,0,0,1,0,20.0
537,MS,2,1,mother,1,1,0,0,0,1,1,1,1,0,4,3,3,1,2,5,11,1,0,0,0,0,1,0,0,0,1,0,1,0,0,0,16.75
538,MS,2,2,mother,1,3,0,0,1,0,0,1,0,1,4,3,3,2,2,5,2,0,0,1,0,0,0,0,0,0,0,0,1,0,0,0,17.0
539,MS,4,1,mother,2,2,0,0,1,1,1,1,1,0,1,2,4,2,2,1,8,1,0,1,0,0,0,0,0,0,0,0,0,1,0,0,15.25
540,MS,3,2,mother,2,1,0,0,0,0,1,1,0,1,4,3,3,2,2,1,5,1,1,1,1,0,0,0,0,0,0,0,0,1,0,0,9.25
541,MS,2,2,mother,2,2,0,1,0,0,1,1,0,0,5,1,3,1,1,5,0,0,1,1,0,0,0,0,0,0,0,0,0,0,0,1,15.0
542,MS,4,4,mother,2,3,0,0,1,0,1,1,1,1,5,3,5,1,4,5,1,1,1,1,0,0,0,1,0,0,1,0,1,0,0,0,20.0
543,MS,4,4,father,3,1,3,0,0,1,1,1,1,1,3,3,3,1,3,5,2,0,1,1,0,1,0,0,0,0,0,0,1,0,0,0,21.0
544,MS,1,3,father,2,1,0,0,0,1,1,1,0,1,5,1,2,3,3,5,2,0,0,1,0,0,0,0,0,0,0,0,1,0,0,0,17.0
545,MS,3,4,mother,1,2,1,0,1,1,0,1,1,1,5,4,4,3,4,5,8,1,1,1,0,0,1,0,0,0,0,0,0,0,0,0,22.75
546,MS,4,4,father,1,2,0,0,1,0,1,1,1,0,5,2,5,1,1,5,0,1,1,1,0,1,0,0,0,1,0,0,1,0,0,0,23.0
547,MS,4,1,father,1,1,0,0,0,0,1,1,1,0,4,1,2,2,1,2,0,0,0,1,0,0,0,0,1,0,0,0,0,0,0,0,12.25
548,MS,1,1,mother,1,2,0,0,0,1,1,1,1,1,4,5,5,1,2,3,2,1,1,0,1,0,0,0,1,0,0,0,0,0,0,0,11.5
549,MS,4,2,mother,2,2,0,1,1,0,0,1,1,0,4,3,3,2,3,5,0,0,1,1,0,0,0,0,0,0,0,0,1,0,0,0,18.5
550,MS,2,2,father,2,2,0,0,1,0,0,1,1,1,4,1,2,2,2,5,0,1,0,0,0,0,0,0,0,0,1,0,1,0,0,0,18.0
551,MS,3,2,father,2,2,0,0,1,0,1,1,1,0,4,1,2,2,2,1,0,1,1,1,0,0,0,0,0,0,0,0,0,0,0,1,15.25
552,MS,1,1,mother,1,2,2,0,1,1,1,0,1,0,4,4,3,3,4,4,2,1,1,1,0,0,0,0,0,0,0,0,0,0,0,0,10.5
553,MS,1,0,mother,1,1,0,0,0,0,1,1,0,1,4,1,2,1,1,5,4,1,0,0,0,0,0,0,0,0,0,0,0,1,0,0,11.25
554,MS,1,1,father,2,1,0,0,1,1,1,0,1,1,3,5,5,2,2,4,3,0,1,1,1,0,0,0,1,0,0,0,1,0,0,0,10.5
555,MS,1,2,father,1,3,0,1,1,0,0,1,1,1,4,3,4,1,1,3,5,0,1,1,0,0,0,0,0,0,0,0,0,1,0,0,14.75
556,MS,1,2,mother,1,1,0,0,0,0,1,1,0,0,4,4,4,2,4,5,4,0,0,1,0,0,0,0,1,0,0,0,1,0,0,0,7.75
557,MS,3,1,mother,2,2,3,0,1,1,0,1,1,1,5,4,4,1,1,5,2,0,1,1,0,0,0,0,0,0,0,0,1,0,0,0,24.0
558,MS,2,2,mother,2,1,0,0,0,1,1,0,0,1,5,5,5,3,5,5,0,0,1,1,0,0,0,0,0,0,0,0,1,0,0,0,7.0
559,MS,1,0,other,3,1,1,1,1,0,1,1,0,0,4,3,2,1,1,4,0,0,1,1,1,0,0,0,1,0,0,0,1,0,0,0,15.25
560,MS,1,1,mother,2,1,0,0,1,1,0,1,1,1,4,5,5,1,3,2,0,0,1,1,0,0,0,0,0,0,1,0,1,0,0,0,14.5
561,MS,1,1,mother,2,2,0,0,1,1,1,1,0,0,4,3,3,1,4,5,6,1,0,1,1,0,0,0,1,0,0,0,1,0,0,0,18.5
562,MS,2,2,father,1,2,0,0,0,1,1,1,0,1,5,4,3,1,1,1,0,0,0,1,0,0,0,0,0,0,1,0,1,0,0,0,16.0
563,MS,2,2,mother,1,1,1,0,0,1,1,1,0,1,1,2,1,2,3,5,0,1,1,1,0,0,0,0,0,0,0,0,1,0,0,0,15.0
564,MS,3,2,father,2,1,0,0,0,0,1,1,1,0,4,5,5,2,3,5,2,0,1,1,0,0,1,0,0,0,0,0,1,0,0,0,10.25
565,MS,1,1,mother,2,1,0,0,0,1,1,1,1,0,4,5,5,2,4,5,0,0,0,1,1,0,0,0,0,0,0,0,1,0,0,0,10.5
566,MS,1,1,other,2,1,1,0,1,0,1,0,1,1,5,3,3,2,3,5,2,0,1,1,0,0,1,0,0,0,0,0,1,0,0,0,9.5
567,MS,3,2,mother,1,1,1,0,0,0,1,0,1,0,2,3,1,2,2,5,0,0,1,1,0,0,1,0,0,0,0,0,1,0,0,0,8.25
568,MS,3,2,mother,2,1,3,0,0,1,1,1,0,0,3,2,1,1,1,3,4,1,1,1,1,0,0,0,0,0,1,0,1,0,0,0,19.25
569,MS,3,3,mother,1,2,2,0,1,1,1,0,1,0,4,4,5,1,3,3,9,1,1,1,1,0,0,0,1,0,0,0,1,0,0,0,15.5
570,MS,2,2,mother,2,1,0,0,1,1,1,1,1,1,5,4,3,2,4,4,6,0,1,1,0,0,1,0,0,0,1,0,1,0,0,0,20.0
571,MS,2,1,other,2,1,3,0,0,1,0,0,1,1,4,4,3,1,3,5,4,1,1,1,1,0,0,0,0,0,0,0,1,0,0,0,10.75
572,MS,3,2,mother,2,2,2,0,1,1,1,1,0,1,2,5,5,1,1,1,8,1,1,0,0,0,1,0,1,0,0,0,1,0,0,0,17.25
573,MS,1,1,mother,1,1,0,0,1,1,1,1,0,0,4,3,2,1,2,5,9,1,1,1,0,0,0,0,1,0,0,0,1,0,0,0,21.5
574,MS,1,1,other,2,1,1,0,1,0,1,0,1,1,4,4,3,2,4,4,12,0,1,1,0,0,0,0,0,0,0,0,1,0,0,0,6.5
575,MS,4,3,mother,1,1,0,0,1,0,1,1,1,0,5,4,4,3,4,2,8,0,1,0,0,0,1,0,0,0,1,0,1,0,0,0,14.75
576,MS,3,2,mother,2,1,0,0,1,0,0,1,1,0,2,5,5,5,5,5,8,0,1,1,0,0,0,0,0,0,0,0,1,0,0,0,8.25
577,MS,1,1,other,3,2,1,0,0,0,1,1,1,0,5,4,4,3,3,2,8,0,1,1,0,0,0,0,0,0,1,0,0,1,0,0,4.5
578,MS,3,3,mother,2,2,1,0,1,0,1,1,1,0,4,5,4,2,3,3,4,1,1,1,0,1,0,0,0,0,0,0,1,0,0,0,15.5
579,MS,1,3,mother,1,1,0,0,0,0,1,0,1,1,4,3,3,2,3,3,0,1,0,1,1,0,0,0,0,0,1,0,1,0,0,0,4.0
580,MS,1,1,other,3,1,1,0,1,0,1,1,1,0,4,4,4,3,3,5,4,0,1,1,0,0,0,0,0,0,0,0,0,1,0,0,11.5
581,MS,1,2,mother,2,2,2,0,1,0,1,1,0,0,4,3,3,1,1,5,2,1,1,0,1,0,0,0,0,0,0,0,1,0,0,0,17.75
582,MS,1,1,mother,1,1,0,0,1,0,1,0,0,0,1,4,4,1,1,5,0,1,0,0,1,0,0,0,0,0,0,0,1,0,0,0,7.5
583,MS,2,2,mother,2,1,1,0,0,0,1,0,1,1,5,5,5,1,1,3,0,0,1,1,0,0,0,0,0,0,0,0,0,0,0,0,6.0
584,MS,0,0,mother,2,1,0,0,1,0,1,1,1,0,4,4,3,1,1,5,0,0,1,1,1,0,0,0,0,0,0,0,1,0,0,0,14.0
585,MS,3,1,other,2,3,0,0,1,0,1,0,0,0,4,2,3,2,2,3,5,0,0,0,0,0,0,0,1,0,0,0,1,0,0,1,10.0
586,MS,4,2,mother,1,2,0,1,1,1,1,1,1,0,5,5,5,1,3,5,0,1,1,1,0,0,0,1,0,0,1,0,0,1,0,0,23.5
587,MS,2,2,mother,1,2,1,0,1,1,1,1,1,0,2,3,3,1,2,4,3,0,0,1,0,0,1,0,0,0,1,0,1,0,0,0,20.0
588,MS,4,1,mother,1,1,0,0,1,0,1,1,0,1,3,2,2,1,1,5,0,1,1,1,0,1,0,0,1,0,0,0,1,0,0,0,20.25
589,MS,1,2,father,1,1,0,0,0,0,1,1,1,0,5,5,1,1,1,3,0,1,0,1,1,0,0,0,0,0,0,0,1,0,0,0,13.75
590,MS,1,1,mother,3,2,2,0,0,1,1,1,0,1,3,4,4,2,2,5,3,1,1,1,0,0,0,0,0,0,0,0,1,0,0,0,12.5
591,MS,2,2,father,2,2,0,0,0,1,0,1,1,0,4,3,5,1,1,1,2,1,1,1,0,0,1,0,1,0,0,0,0,0,1,0,13.0
592,MS,3,3,mother,2,1,0,0,1,0,1,1,1,0,4,4,3,1,1,4,0,1,1,1,0,0,1,0,0,0,1,0,1,0,0,0,20.5
593,MS,1,2,mother,2,2,0,0,0,0,1,1,1,0,4,4,3,1,2,4,0,1,0,0,1,0,0,0,0,0,0,0,0,0,1,0,10.75
594,MS,4,4,mother,2,2,0,0,0,1,0,1,1,0,4,3,5,1,2,1,0,1,1,1,0,0,0,1,0,0,0,1,0,0,1,0,17.0
595,MS,4,4,mother,1,1,0,0,1,1,1,1,1,0,5,4,5,1,1,5,3,1,0,1,0,0,1,0,0,0,0,0,0,0,1,0,28.0
596,MS,4,2,mother,2,2,0,0,1,0,1,1,1,0,4,3,3,1,2,4,0,1,1,1,0,0,0,0,0,0,0,0,1,0,0,0,19.5
597,MS,2,2,mother,3,2,1,0,0,1,1,1,0,1,4,3,3,1,1,4,0,0,1,1,1,0,0,0,0,0,0,0,1,0,0,0,18.0
598,MS,1,2,mother,2,1,0,0,1,0,0,1,0,0,4,1,4,5,5,1,8,1,0,1,1,0,0,0,0,0,1,0,0,1,0,0,4.75
599,MS,4,4,mother,3,1,0,0,1,1,1,1,1,1,2,5,5,1,1,1,5,0,1,1,1,0,0,0,0,0,1,0,0,0,0,1,21.0
600,MS,1,1,father,3,1,0,0,0,0,0,0,0,0,4,2,3,3,4,4,4,0,1,1,0,0,0,0,0,0,1,0,0,0,0,0,0.5
601,MS,2,2,mother,2,2,0,0,1,0,0,1,1,1,1,3,1,1,1,2,4,1,1,1,0,0,0,0,0,0,0,0,1,0,0,0,15.0
602,MS,2,2,father,2,3,0,0,0,0,1,1,1,1,5,4,5,1,4,3,0,1,0,1,0,0,1,0,0,0,1,0,1,0,0,0,8.0
603,MS,4,2,mother,1,2,0,0,0,1,1,1,1,1,5,3,1,1,1,5,0,0,0,0,0,0,0,1,0,0,0,0,0,0,1,0,24.5
604,MS,1,1,mother,3,2,1,0,0,0,1,0,0,0,4,4,2,1,2,2,2,1,1,1,1,0,0,0,0,0,1,0,1,0,0,0,3.5
605,MS,1,1,father,2,1,1,0,0,0,1,0,0,0,5,5,5,2,3,2,0,1,1,1,1,0,0,0,0,0,1,0,0,0,0,0,-0.5
606,MS,4,2,father,2,4,0,0,0,0,1,1,1,1,4,2,3,3,1,5,0,1,1,1,0,0,0,1,0,0,0,0,1,0,0,0,14.5
607,MS,2,1,mother,2,2,0,0,0,1,1,1,1,1,5,3,3,1,2,2,5,0,0,0,0,0,1,0,0,0,0,0,0,0,1,0,14.75
608,MS,1,1,mother,1,2,0,0,0,0,1,1,0,1,5,2,3,1,2,3,2,1,0,0,1,0,0,0,0,0,1,0,1,0,0,0,9.5
609,MS,1,2,father,2,2,0,0,1,0,1,0,0,0,4,1,1,1,1,4,0,1,1,1,1,0,0,0,1,0,0,0,1,0,0,0,13.75
610,MS,1,1,other,2,2,3,0,1,1,1,0,0,1,3,5,4,1,4,1,0,0,1,0,1,0,0,0,1,0,0,0,1,0,0,0,7.5
611,MS,2,2,mother,2,3,0,0,0,0,1,1,1,1,4,2,1,1,1,4,5,0,1,1,0,0,1,0,0,0,0,0,0,1,0,0,15.0
612,MS,4,3,mother,2,2,1,0,1,1,0,1,1,1,4,5,5,1,3,2,4,0,1,1,0,0,1,0,0,0,0,0,0,1,0,1,20.75
613,MS,3,3,father,1,2,0,0,1,0,1,1,0,1,5,3,4,1,1,5,0,1,1,1,0,0,1,0,0,0,1,0,1,0,0,0,21.5
614,MS,4,4,father,2,2,0,0,1,1,1,1,1,0,4,3,3,1,2,5,2,0,1,1,0,0,0,1,0,0,1,0,0,0,0,1,28.0
615,MS,3,2,mother,2,2,0,0,0,0,1,1,0,1,1,2,3,1,2,5,0,1,0,0,0,0,1,0,0,0,0,0,0,0,1,0,11.25
616,MS,1,1,father,2,1,0,0,0,0,0,1,1,1,3,3,2,1,2,3,2,1,0,1,0,0,0,0,0,0,1,0,0,1,0,0,8.5
617,MS,1,1,father,2,3,0,0,0,0,1,1,1,0,5,3,2,1,1,4,0,1,0,1,1,0,0,0,0,0,1,0,1,0,0,0,12.5
618,MS,1,2,mother,3,2,0,0,0,0,1,1,0,1,4,3,4,1,4,5,0,0,0,0,1,0,0,0,0,0,0,0,1,0,0,0,8.75
619,MS,3,3,mother,2,2,0,0,1,0,1,1,1,1,4,3,2,1,3,3,6,1,1,1,0,0,1,0,0,0,1,0,0,0,0,0,18.5
620,MS,4,4,mother,1,2,0,0,1,1,1,1,1,1,2,3,4,1,1,1,4,1,0,1,1,0,0,0,1,0,0,0,1,0,0,0,22.0
621,MS,1,2,father,2,2,0,0,0,0,0,1,0,0,3,2,2,1,2,3,0,0,1,1,0,0,0,0,0,0,1,0,1,0,0,0,9.75
622,MS,1,3,mother,2,2,0,0,1,0,1,1,0,0,3,3,4,2,4,3,0,0,1,1,1,0,0,0,0,0,0,0,1,0,0,1,11.0
623,MS,4,4,mother,2,3,0,0,0,0,1,1,1,1,4,2,2,2,2,5,0,1,0,1,0,0,0,1,0,0,1,0,0,0,0,0,18.0
624,MS,1,1,mother,3,1,1,0,1,0,1,1,1,1,5,2,1,1,2,1,0,0,1,1,0,0,0,0,0,0,1,0,0,0,1,0,14.5
625,MS,2,3,father,2,1,0,0,1,0,1,1,1,1,5,2,3,1,2,4,0,1,1,1,1,0,0,0,0,0,1,0,1,0,0,0,19.25
626,MS,4,4,father,3,2,0,0,1,0,0,1,1,1,3,2,2,4,2,5,0,0,1,1,0,0,0,0,0,0,0,1,0,0,0,0,20.0
627,MS,1,2,father,3,1,0,0,1,1,1,0,1,1,4,3,3,2,3,3,3,0,0,1,1,0,0,0,0,0,1,0,0,0,0,0,12.75
628,MS,2,2,mother,1,3,0,0,0,1,1,1,0,1,3,4,3,1,1,3,8,1,1,1,0,0,0,0,1,0,0,0,0,1,0,0,16.0
629,MS,1,2,mother,1,1,0,0,0,1,1,1,1,0,3,5,5,1,3,1,4,0,1,1,0,0,0,0,0,0,0,0,1,0,0,0,8.75
630,MS,4,4,mother,2,3,0,0,0,0,1,1,1,0,5,4,4,1,1,1,0,0,0,1,0,0,0,0,0,0,0,0,0,0,1,0,15.0
631,MS,1,1,mother,4,3,0,0,0,0,1,1,1,0,4,3,2,1,2,4,4,0,1,1,0,0,0,0,0,0,0,0,0,1,0,0,10.5
632,MS,1,1,other,2,2,1,0,1,0,1,1,1,1,4,3,3,1,1,3,4,0,1,1,1,0,0,0,0,0,0,0,1,0,0,0,14.5
633,MS,4,4,mother,1,2,0,0,0,1,1,1,1,0,5,4,3,3,4,2,1,0,0,1,0,0,0,1,0,0,1,0,1,0,0,0,17.0
634,MS,3,3,mother,1,2,0,0,0,0,1,1,1,1,4,1,3,1,2,1,1,1,1,1,0,0,0,0,0,0,0,0,0,1,0,0,11.5
635,MS,3,1,mother,1,2,0,0,1,1,0,1,1,0,4,5,4,2,3,1,10,0,1,1,1,0,0,0,0,0,0,0,0,0,1,0,16.0
636,MS,4,4,father,1,2,0,0,0,1,0,1,1,0,3,2,4,1,4,2,4,1,1,1,0,0,0,1,0,0,0,1,0,1,0,0,16.0
637,MS,2,1,mother,2,1,0,0,0,1,0,1,1,1,4,4,3,1,3,5,0,0,1,1,0,0,0,0,0,0,0,0,0,0,0,0,15.75
638,MS,2,3,father,2,2,0,0,0,1,1,1,1,0,4,4,3,1,1,3,4,1,1,1,0,0,0,0,0,0,1,0,0,1,0,0,18.25
639,MS,1,1,mother,2,1,1,0,0,0,1,1,0,0,4,3,2,1,3,5,0,0,1,1,0,0,0,0,0,0,1,0,0,0,0,0,10.5
640,MS,4,2,father,2,1,1,0,0,0,1,1,0,0,5,4,3,4,3,3,0,0,1,1,0,0,0,0,0,0,0,0,0,1,0,1,10.5
641,MS,2,2,mother,2,3,0,0,0,0,1,1,0,0,5,3,3,1,3,4,0,0,1,1,1,0,0,0,0,0,0,0,0,0,0,0,12.0
642,MS,4,3,mother,2,2,0,0,0,0,1,1,1,0,5,5,4,1,1,1,0,1,1,1,0,0,0,1,0,0,0,0,0,0,0,0,13.75
643,MS,4,4,mother,3,1,0,0,1,1,1,1,1,1,4,4,3,2,2,5,4,0,1,1,0,0,0,1,1,0,0,0,0,0,1,0,27.0
644,MS,2,3,mother,1,3,1,0,0,1,0,1,1,0,5,4,2,1,2,5,4,0,1,1,0,0,1,0,0,0,0,0,1,0,0,0,21.25
645,MS,3,1,mother,1,2,0,0,1,0,1,1,1,0,4,3,4,1,1,1,4,1,0,1,0,0,0,1,0,0,1,0,1,0,0,0,14.0
646,MS,1,1,mother,2,2,0,0,0,1,1,1,0,0,1,1,1,1,1,5,6,1,1,1,0,0,0,0,0,0,0,0,1,0,0,0,15.5
647,MS,3,1,mother,2,1,0,0,0,0,0,1,1,0,2,4,5,3,4,2,6,1,0,1,0,0,1,0,0,0,1,0,1,0,0,0,2.0
648,MS,3,2,mother,3,1,0,0,0,0,0,1,1,0,4,4,1,3,4,5,4,0,0,1,0,0,1,0,0,0,0,0,1,0,0,0,12.25
